title;artist;lyrics;filename
(Its Been A Long Time) Pretty Baby;Gino;long day 'm use denying eakup open hopin get 's tryin keep might pretty love cryin doo lyric baby hearted also wah 'll please babyyou likeembed part hand shake make time gina 've take gino doo-wah;(Its Been A Long Time) Pretty Baby by Gino.txt
A Certain Smile;Johnny Mathis;like face smile night againyou pose refrain lovely sing awhile suddenly hide cheerful know might glance heart love unsuspecting go merry try also many chase fleeting thing tear say likeembed bittersweet come lead inside certain exactly lyricsa hush haunt;A Certain Smile by Johnny Mathis.txt
All I Have To Do Is Dream;The Everly Brothers;day 'm anytime gee night hold dreamyou whenever mine wine might die love dream could feel lip lyric also charm taste likeembed blue want life whiz tight make need away trouble arm dreamin;All I Have To Do Is Dream by The Everly Brothers.txt
Angel Baby;Dean Martin;would live mine chick absolutely keep might around heart 're chance love scheme dream right curl start girl lyric twirl baby miss also walk likeembed youyou perfect pick flip crazy finger kiss little angel give 'd clover worry 'round imagine forever;Angel Baby by Dean Martin.txt
Are You Really Mine;Jimmie Rodgers;shine evening personal call heart love go hoffman-manning-markwell fade wonderful morning mine planetary know one graduation ca kiss little make star wear lucky believe ascap true see might beautiful lyricsare also tell funny part though reel swear roulette are- really fantastic ring research 'm like use music interest 's 're cross rodgers even feel jimmie thing want onlyembed every n't doo-wah;Are You Really Mine by Jimmie Rodgers.txt
Baubles Bangles And Beads;The Kirby Stone Four;bead kirby wright heart singa-linga doo peppier mathis 'll theme glitter stone forrest wearing johnny 've bangle bright borodin dream likeembed wop hear four chart make `` wear spangle musical introduce sing may might ringa-linga aleksandre also bauble sparkle doretta beadsyou lyricsbaubles base kismet ring somebody day 's jinga-linga '' version jing write gleam morrow lead buy robert lee george peggy shiny take;Baubles Bangles And Beads by The Kirby Stone Four.txt
Beautiful Delilah;Chuck Berry;dress sweet marry late heart fun second apple bath let mile time away low delilah different fool would get outdone guy one swing lyric ca always likeembed fella eye tantalize style true see might around settle rebecka trueyou beautiful also pendulum sun break audience speak casanova pie maybe like 's deep romantic notice walk look allow reason steal local every n't pass aisle;Beautiful Delilah by Chuck Berry.txt
Betty Lou Got A New Pair Of Shoes;Bobby Freeman;whoa high woo shoe street go try rocket undertaker lou yeah pick crack someone fit give tip shoe-store would get kit meet start lyric solid dig step 'n betty bury roll wooh might kite twelve man also tell party steppin like night new 's brand rock pair shoesembed wah-ooh walk walkin look buy ship fight well n't shiny shudebakers;Betty Lou Got A New Pair Of Shoes by Bobby Freeman.txt
Big Man;The Four Preps;bedroom ten baddie intro high likehook gas turn hook yo lately say prepared come shit life tiger attention verse ever let test give x time 've yann motion pay head lion back would rain blame migos get mine pussy real know one dream fuck christian lyric bro ca always drive jam enjoy nothing make anti need anti-anti-sober outro luckily ai xans glow key roll bear favor damn wait see embed might fucking man right tryna change money also stick pain drink balmain city blessing gold stumble upstairs catch southern nasty cause cappin ring bet like 'm use louis day pray pop hate cloud hunnids work fan influence 're never anti-sober weed hope even feel shut jungle thing ask smoke earth drain many 'gram bitch blue climb jimmy charge big every n't pour take nigga picture wake;Big Man by The Four Preps.txt
Bird Dog;The Everly Brothers;sweet bird gal chick dive alone leave birdyou love quick prowl joke joker ever let johnny away reach chicken tip-toed lovey dog get pet lyric trail likeembed hear kiss little wolf find make jokin next ai honey sing might also wrong funny quail like 's tryin howl puppy 're even song teacher baby hey sit fly want well n't better steal;Bird Dog by The Everly Brothers.txt
Blip Blop;Bill Doggett UNCERTAIN;yeah-yeah-yeah-yeah aw bend might deep '' go man blip-blopyou lyric sexy also beg creeper 'll likeembed yeah frick blip-blop-blip-blop 'd blop `` blip-blop blip-blop-blip ah ooh blip;Blip Blop by Bill Doggett UNCERTAIN.txt
Blue Blue Day;Don Gibson;day like 'm believe runnin glad pray anyway grieve new 's lyricsit pretend might cry die 're love feel also ca untrue somebody say sit blue bluesyou likeembed yes find make ... well n't away;Blue Blue Day by Don Gibson.txt
Blue Boy;Jim Reeves;eye 'm chorus new sweet moan since call 's twinkle know might cry 're love 'cause also boy lonely 'll likeembed blue hunger find ... need 've lose lyricsblue;Blue Boy by Jim Reeves.txt
Born Too Late;Poni-Tails;long 'm born oh hold lateyou bear late lyricsborn see know wait might date heart cry la-a-a-a-ate chance love never could also wish notice win walk likeembed kid kiss care wo n't another fate;Born Too Late by Poni-Tails.txt
By The Light Of The Silvery Moon;Jimmy Bowen;erection face relieve counter hanoverian flahoolagh growl chinchin grow turn chance declivity minimes tranquilising recollection link antimacassar advertisement think fraud ruined lace passage backside doyen crofton maccabees wool clad brian sanitatem teacup yankee aid headgear ovoca simultaneously sooth inimitable upon marble deathbell sleep o'molloy nationalgymnasiummuseumsanatoriumandsuspensoriumsordinaryprivatdocent san arise wet backsheesh faithless purple floor attend acorn beholden garry end tannery grand nagyasagos draw render crystal peashooter generally roar prooshians arbour hold fecit patron remedy human falkiner bridge toil solar gas marshal benedict tetuan cornwall cadge propound egg facilitate village herr decree beninobenone eyewitness durst messrs bondage o'bergan clergy senhor floodgate dose majesty surface squaw lurch identity broadleaved yell respond legal howard find king pint knuckledusters initialled money woe tell flourish michelangelo ghastly hynes ha bronze kisaszony heron heal paris delegation policeman crannocks o'ryan violent facecloth distant o. mortis dunducketymudcoloured endear convey christopher lead rejoin muhammad insurance alias aisle fracture distend dress pax flotilla shanganagh drill traitor tholsel stomach outside sport lily quick tasteful vengeful mudcabins coral widewinged sheep fortnight overspread den kip harmony cistercian swaddler astral crossbones medical granite afraid tinbox camaldolesi confident sweepingbrush monster mare spire trace o'bloom perfectly european lower select brisk alavatar sprinkle damn safe satanic elastic arse leopold winged brute cupboard adam spicy initial -what ago karl wind glendalough excitement fraternity skull loop forcibly certain courage spruce cedar holden palace rude merciful earnestly meath clean applause ballykinlar welsh effort grim crisp innocent badge ... june third unicorn beard uram rancour pigment tyrannise lovey mention manchester columbus caledonian genial thy polly cyclops vent phenomenologist common ninth taw saw philoprogenitive charity warpaint ordinary playing disposition drawn beautiful maid bye hackett table pocket instantaneous extricate body spouse green organise whore anything piss trews lord lo frank cordiale accompany meatchoppers gervasius bring helen dissolve minute goodbye ross nemo dale slowly saba cunning equal suggestive juvenal lip commode hoary kilmainham sheepsface creel garth codling hit someone mile whiled hugh anderson assist chicken trading treatystone ignatius lamppost liberty ranns ca horace thereof please shape mariner barrow juliet han brandy rasher style genealogical clapham missa vive p cotta parish james celebrate invocationem alienate guelph-wettin insect chieftain excite dew hairylegged toughness enrique dab beer knee slidder gloriana ditto george noose pishogue wide baraton hearth confab shop tuam pearl paste terra furtive appliance portsmouth ole olivetans dropsy enhance point shower carmel cowhide putrapesthi tribune beneath mine practise assignment faith nation belong administer youth cover fortyfoot release oration trinity jest rape mouse jacquard brittany fieldlark f.o.t.e.i. statement dominic dye vulmar gift computation evince herodotus bauble soggarth crus rhino hundred loodheramaun tremble submit blasted poker ne fetter business prayed angry goliath clasp chang bread paddy hobnob plus evidence illuminare caution drogheda border nagle owen sheba welterweight inagh large barbarous verse howandever original moore croker shell weigh heartrending box macdonogh milesius three intervening scent gautama jail barekneed tin ulysses oxhide bungardilaun increase synonymous aloysius emphasise superabundance mar slan long whisht hang till conacre gamey les perfide visszontlatasra dazzling pub universal august clan soft gasp communication beresford almighty swamp measure maria arabella praise flint information sidney booming seadivided readywitted isolde diocese session artistic ossian crucify influence 're fancyman culture could friend afloat allsop invigorate notice excel resuscitation dirty johnson motif look whatwhat brady state shanagolden mountain aquinas canon trencherman arrises run liquid cruel shekel object cradle repast middle fifth applaud kensington quarter toque chipping farm fleming fighting signal tap nack scion form allfours gloomy exclusive sligo orchestra ruler kissy cyclonic sarsfield uncle bellwether licensed puma idea cackle twelve ground mastodontic sell graceful incrustation divine blessing chivalry flag union along stertorous use profound horto pop symbol wexford vast rogue impeach behind verschoyle romantic milk jerrymandering threepence beverage sperrin inadequate kick buddha mango whisker bantam well oyster mighty carry strength procure dolly clinker warning norma parson wish bridgeman testoon planetree curry wax peace tense petitepatant eightyfive ever trouble brush cook rudely learned fault whirlwind hardwicke guinness fill direction corpus hydrophobia garb girdle leg weight lake note testify stick preacher jessie yes eloquent choke champion bunion worship jobber consider viraga contributor britain launch spinnaker impervious monsieur prime boiled talafana rory limited sift addle gerald jumbo macanaspey fight charge tawny exercise lad teach sleuthhound poodle engraved throat shadow hickey ebon drown swipe observants velasquez m'gillicuddy avoirdupois butter fit commissioner liberally success navy smile considerately lie nature hostage empress less bawl bind gut timber act perfidious carthusian aliquot sieve admirer thom envelop province odds clonmacnois saucy nag cart latter g bass change 'twixt rub nowhere jigtime kelly press garden catch habeas martha successor crop macmahon ga. innumerable phenomenon public entity introit quite gouger swank galtees walk manager grief suffrage wellknown chop broad donor blind mouth flax immediately destine idol pogue widemouthed wave sa intricately limp quiet exactly canice thanks cane list gird pinstripe encase mercadante fir navel fondly hilarious revivability forceps salute rocklike adiutorium leo mister abba helmsman port rib wine embed might baba leugarde debt kedves bawn hath mimber rustic ringropes prior sambo anon grianauns sympathy maynooth pleased williamites misconduct cruahan abu serve gruesome charabanc thing doran fiancee cocoanut traipse join society beach gann straightway raths offence dun hotel america wretched achievement sorrow shoneen bacleis fast vetch dreadful pelurious mrs let jangle feed cormac police equip ridge amusement omaha dry lilian terrible whenas glaring numerous jewy magnificent ahead emmet trot 't elbow willowy bard gooseberry suppressed need holly doth lady killala industry l-n-h-n pigeon darling nolasco starboard also virginia speak timely cran o'dowd balmy qui croagh crescent fornicate fieldmarshal appendix lardy eighth o'connell professor alice section gentile hiram us immortal mercerise foamy tupper o'kennedys mourne celestine pomp yahoo speaker cave perpetrate finish bagman race speranza bid ocean mean million scheme loan guest julius marriage molloy stranger translate report attribute banzai c. float collapse catalani going attendance o'ciarnain boose executioner declare count create deed private truth ya known cup expensive five mountjoy roach owe cottonball kilt root rank short dance sayers eel pituitary cannon dingle reserve dark abode interested davis abeakuta future thirtytwo enumerate lifelike crutch boylan match plexus singing dodge giantkiller blinking officer lachrymal hostelry bloomer befall throwaway shylock agate horse broom calf bug snout prepare soul fishful disturbance pound lowry eat marion shoehorn proportion luitpold sraid rouse hot heaven voice without mixup j victor warrant spat restore room griffith machale cheese fright drink ready rower delicate mary wherein arrow previously mercy sea ring blunderbuss rood jaw comely reverend far proper dismiss fagan legendary scarlet friday preside evergreen rachel oblong anywhere job flabbyarse approved ita medher gullet lattice booterstown registration capuchin raftery halt flounce illuminators obstruct dan lodge slide semiparalysed finger barmecides giggle gallon dr vic monasterboice beglamoured creation iridescent playwood dubliner ut duct goosepond fact swiping lipoti bankbook jupiter bell prudent brangan address norman puke national piercingly shove soon beyond bury geese todi berry stubble repress prebendary sight flute sir telescope music celtic underneath lunatic macdermott paleolithic cordeliers ahasuerus cambrensis watch barrel nerve artilleryman voyage hast drudge hen secrete tristan whereof cur poundage maledictive crossfire saith paronymous present casket ah pseudonym whole slave authority packed woven mere marrow lackaday stentorian jam wettstein squint general albert greatrakes empire ivory thought war military city bystander murray theatre predecessor rede parsnip heel secundum holyoake affect bit probate roadside modern gospel hue deadwood appoint eightpence headache contingent spark another ind firework weep contractor errand bacon ram fein nod savoy pluck codology fontenoy souvenir bono paddyrisky et recite referee shackle flounder libation observe seem sausageeating moderation spirit little edmund poolbeg ability push walkup chara cruelty stag however precinct pope carmen german merry ranger odour gorse break claim maker gold terrific mistake sinn abraham fold decapitate heroes saviour affecting chicago liana milkwhite refectory pasty even tanner vladinmire nominally mitchelstown bog revelation lucy uneasy bonifacius headsman brawnyhanded half market project tweed supervision church fringe deathless time bright cavity standard housesteward decision hospital strain interesting handkerchief reception anthem loose chap free rienzi recover larry sullivan simply hurtle kobberkeddelsen entrance mass footless seven slievemargy water pierrepaul court polla triple totty fruitful jorum pseudonymous sashed indigent nameless brain female 'tis humbly wife adorn masse piastre defender custard queen assistant repose examine abbot boot favourite allusion ten brill adonai lout gate visit rope victim auction everybody wallet hoch abnegation murphy violet sceptre ride livingstone o'reilly pardon rod loosen cousin hole compostella kincora immediate tastefully publication fore fervent tansy pox o'growney ruffian transport eloquently quotha precious hair wellbeloved brown shite swab amid husht meade linenhall text preach radiant oxford jerusalem formidable furious jewies warehouse haul plunge mane tail specimen earth leap hand lordship muffle castile kildare vaseline saucepan wake boyo jawbreaker mailboat bawways buskin mountainous ninefooter lambert ballymun cruentus lanty midst forward doubtful mob zinfandel tuo syphilisation valley bagpipe fursa bountiful fist spiro waterway brigid angus defence forth acme michael borus cannonmouth arator wonder holding mashtub living macfadden drunk brawny wolf droma dominus sup confucius moat o'nolan possible train pleasure around hesitate pretty swordhilt patsy farewell mouseabout farmer kale gloaming pie popular adept desmond nasturtium block queenstown lend rag senan credit fashion evangelist worthy forthcoming stump timidity balor raimeis donohoe thump orangeman miss occupant cyr summons firebrand favour ho tomaltach laneold faultless ringcraft teresa hereinafter ni dock brass juice extensive awful insult blaze setter removal vociferously apple dead cromwell tip gordon veteran member iron mother visibly persecute mien von arrears greatness rechristened chimneysweep contend aspect absence castletown sacral fitzsimon stop volcano clever make male ensue sorry descend pine cottonopolis pastureland spoleto whatever everyone fay outsider populace concourse lug cab book commodious venerable balbriggan doherty sentiment freely league day halliday jewman heifer pigeonhouse veal course willy boo arboreal ned door russet duty pan guard sweeney execute herein 'd deepen correct value unsuccessfully organ revolution m'manus mayoralty regular rossa le native nannetti inaccessible powerful tiger white sleek within dog march pool lag patois conduct calendar hawk start enter chuechli-steuerli breast finn terrify salted gadzooks article twist abeakutic pilot fatherless longwoods cromlech infantry river ate wampum matter kakachakachak apparatus longheaded shillelagh robber buttermilk agility party swear bottom arm ornament speed pray forearm open sick chi modest cross feel shoot turpin bootle tay extant entente nay target level patriarchal entrust fachtna summon knock antiquity warrior loudly creator ballyhooly bow temper beauty drench erudite snug undoing toss ga tomato thunder yellowjohns smart febuary bed aperture lyrist albion instead tribute ripe ether expression cool subsheriff caddareesh montenotte rump eljen split include foot agree amalgamated telegram flavin grudge beside sheffield lofty peltries main santry israelite southwest premonstratensians pewopener profusely towser rule m'conifer vallombrosans shirt supply freemason nicety fiacre amount pair shut nephew daylight denizen arthur murtagh benedictionem f blessed thereafter therewith councillor pale poplin jeer mouldy birthplace glower tart bottlenosed rate sprig wonderful lion appreciate olive versus morning striking -true therein redmayne golloped flynn acre emanate nannan custom sky infant donjon bundle sage mast leda tar coil culdee senor effunde sample may whereby catastrophe hupinkoff snake costliest united training hyena apostle andrew dip diver sinope crown growth whereon equally maher pisser dympna top ehren bitch consist shining tootle salt size shithouse office warm pour tabard arrange dishonoured happily consequence compare hard casement click dunsink blumenduft rap hurl win empty child summer breath ghost colour writer unholy redeemer servasius mastery fashionable pore thoughtout burgher prhklstr gratiarum watertight hear resonance overheard vessel daughter inevitably pollock vinegadding cattle trik elm obedient libel canter first terminate cantalice knockmedown plunder dinnerparty palme amen taptun ovation compos action assemblage wild learning british eunuch rhenish kilkenny oratorians freelyfreckled serf glorious malice l jockey eoghan shoneens clara u. sob justice sheila dozen fingal distinguishable association troy bathslippers malefactor bawling canebrake thyself goddess escort acolyte kieran mixed apparition rosaleen reuben central courthouse h-eireann witnessbox rapidly christ murmur englyn corn kipper sassenach shall flesh unceasingly wrinkle scrawl rathdown arran wedding fairly celebrant repair mendelssohn fizz promptly timehonoured varlet depart barbarity england tarbarrels rapparee iar reader prince stimulus coastline lemonade pin steep insertion louis excellence russian tenant ptolemy opposite proceeding evil tottenham special spot beam lovesongs cope egypt rendering dainty valorous bullet appointed strike master richard cease ear scut respectable test among rev ives succulent stanislaus forty ancient goodness lane ewe year commend philip tuck amhain conn alf shovel.embed ali nothing science seismic considerable plain capaciousness lipton worker homonymous receive perturbation scowling darkly engrailed pineapple smithwork corporators discharge scholastica lusk emperor viand earthquake hiphip maidens melody gibbed hone hero assault therefor exhort glad defiance ravenhaired learn debate tomkin-maxwell clyde gladys belt damask atmic french tyrian ulex huge consequent system distance tui beast centre arrah evidently congratulate direct consul bishop poop jacob favourable swore caucus propose none rob donal allah heavy field moonlight parade swallow shouting unsleeved solicit froth mynheer goodfornothing darkness waddle feeling surnamed formerly carr concubine pippi barber lucky shane elijah cornerpieces hapless heterogeneous car nowise gentle hairy beginneth disclose expressly cullen pain exalted pikestaff language tonight abovementioned mimosa mangy leonard anyhow properly paramour others cape larboard wellington thou barebones 's cloud work previous buckshot development multifarnham upper anyone woffington divide shannon paper misfortune sound brimful salvage call owner pensioner whisky knowall auspex solution parliamentary hurley swindle tune admiralty wherever honest newington jadegreen shipper worth shock funereal kill frenzied tailend bere smother maple alabaster fallen vertebra instant volta percy -generalhistoryspecialprofessordoctor pig alcohol robbery remarkably ninetyeight charm foundling lift stinkpot aureole babe factory wafty medal patricio butting reed poignancy behold unexpectedly prominent industrious loud twelvetrees macconsidine oxeyed wend world constabulary tumble garrison etc government favoured sanctificantur delight outwards la debtor curran houseparty patriot groggy bicycle purgatory parnell bound penalty string nigh jacky distinctly confessor cupola bewept dilate brow hog kronia back stuff would thank lover gracious sudden remain bulkier tale whistle flagon licence recently slope neagh effusion o'flynn shamrock bethany lovingcup bean peep shield two sincerity inmost defunct duodenum cocked spectator hinder spherical pledge hour capriciously chip lovely inch howl articulo boer rochford assembled prelate ravenous clime corporation eire courtesy sheepdip holeopen m-ll-g-n grouse moment blanche account coat sweet caolte personal spread costume clothe eleven deterrent supernatural twin animal elder bucko simon case pride panceltic choice stronglimbed malaria witness different position south commission myrtle eastern dusky neither bumbailiff jean viola comprises build supposition kriegfried persecution armour concern plaintive kind john reflection eclat li instalment pucking botheration man instantaneously policy coffin girl boldness touch duke prophet property henry warder darkerhued last outburst record goodsized vellum jakers outhouse fo example enlarge keogh-bennett nobody namesakes portentous efficacy discipline sylvester straw blue cat mourn glass tengallon space blow h. grasp bitterness rahat citizen scientist sunday fantasy constitute expense staylewit columcille batter notorious honourable listen f. ballock saddle roe vintner return legion joe egan pawn worcester bellicosus larch penis solomon necessary confidence ruby avvocato herzog spiritu muchtreasured posse mr maul oakholme rumboldian peg fistic superintend liz gesticulate ludwig whose particularly concert sandbag scotch tullamore knockout mapas plume solemn testamentary suffer castleconnel admirably osborne song massa altercation buy scratch courier morocco dish galway electrical wardance steal trumpet blushing pony monte enormous isabella abbey seastones cord sterling toff ursula six swede gloriae honeysuckle junior foam viterbo d'aisance ribbon landing dimension burnt gerty augustine tie whatsoever benjamin alligator omnes musical drivel engagement unanimously testcase minion prowess claret intelligent finely beehive funeral sword spear promise v. produce bending coelum expose heavenworld noteworthy brook characteristic bet feastday molly englishman argument renege boar consumption agus supplication mankind multitude gruelling ganglionic write beare gael crofter foolery biscuitbox hermit offering rich death holiday nisi yellow hurhausdirektorpresident tricky bestir t.t. accede prisoner lichen lammermoor whatdoyoucallhim cense ireland irish actuate robe excellent screech supernal phone profession captain creeper slattery squad broken doubt observance conceive redcoat textile traverse help lively kilballymacshonakill hill te patent stony bedight county wisp anonymous beechmast way epicentre elect confirm remote kiernan blissful corporis circumcise english ascend downface myra curse corner regard dean stuttering take clerk granuaile grass pencil tudor chairman mongrel potentate ward bazaar sombrero experience incident ow hook electrocute hercules reek deepchested console pedigree north element paternoster cambrian bounce bennett hale stephen appeal alessandro groyne service couched firkin tally foliage reputation similar since beamy cassock brogue district wheeze wolfe draft sad yeomanry treat part barbarian window core topical ifaith seventeenth springer recall spiffing allen capitis deeply rumblingly sex bless breech strove band zouave ueberallgemein flung accommodate trust courtmartial soldier intestine shaggybearded disgust pacificus keen phonetic sensation cavernosa resemble civilisation thumb ascertain emunctory barney mushroom fatal palfrey greene month chapel sirrah sweetly satisfaction towards purcell know columba marvellous west i. eucalyptus tom visitor metropolitan bank jarlath desirability lingo thirst sixtyseven denis cornice expect minding schedule appreciative leinster esquire bear set proof deepvoiced queried cigar foxford o'sullivan undying pecadillo close fair kidney punctuate conclusion desire restrain postcard past admiration prussic baby knife udder rocky token obscurity breakfast saphiro presidential quisquis forefather redskin picture fortyone carmelite gort opponent homicide torrent tour hourly debris throw muck exhibition square tallaght give sleepwalking handwriting hi extent j. reach haunt france forget scimitar olaf stylite ought grandstand etheric execution stiff barge literature steed wain trump next usus revive stuart luminosity fish skivvy show lightning extinction dante palabras mgr eve racing sugarloaf gathering perch ballymote road quantity aspergill ax loafer pup kinsale sara fr straight wale contemporary francy mainprise pleasureship brewery horrible slouch character lovebirch hurrah nonperishable savourneen bare footwork woo shawl regal pastime jack depict daphne post final pip discern ale away revival head bosom kratchinabritchisitch dunne chest carrantuohill suggestion thomas sheriff mind mischief movement mark caesar shearling pro auctore deprive land ivytod residence doc. intricate razor though thigh peasant lima erin skill heligoland thurifer pleat hope noble happen following roughly wolstan gibraltar smashall badhachs farfamed big spiritual elmshade fry oxonian slight dingdong angle charlemagne grousing alight goat response breastplate marsh van aunt spain praisegod taylor rome sour puff tragedy men earthname bretelles gladiator recorder bite clave exeter baron harm arrangement lieutenantcolonel eye roaring hayes ardri fatlings circular sing herd haddock trial right cuius possibility brutal awe thereby college really trip resemblance craven grilse collops buttend toad artillery addition condition mitred degree pit representative animated quirke cashel barbara country painful chivalrous jury soupladles hoarse toast unfettered worldrenowned chunk hosting maureen religion nether o'dignam search spanish l. sluagh leprechaun presbyterian perturb transpire poleaxe foison malora treasure belle kathleen ardour mortgagor cathedral biscuit purse palm wart ballybough motto stuck observatory characterise painstaking age usual audience thomond boulder remove cervical dominum champ gastritis foe receivergeneral malachi manus extreme blush announce fell watchtower hobby left gland reference flog basaltic bergan rhythmic discussion eminent tray actione ginnees cotton europeus handsome attainder bastard young fulfil columbanus creep klook greece chariot emerald poll highly shore firstclass beef greet countenance wataklasat og perpetuate hoik wyse matchless armagh calpe widgeon nelson brigittines circulation resort flush unfathomable rumble wrong barrack saint bearer o'reillys spend fellow isaac cause occasion yea drouth await tumbler pity poor t. hardearned burst pathological lordly golden forbid afasting towel tool drop nectarous collis muscular fingerling thoroughbred munster indictment tall card cherish brightness swiftly firm puissant cong committee travel mortgagee seat praesta weeps workhouse salmon near allege duly unturned nice manly candle boast letter epiphania guardian duet ostiarii excitable workingman kitty handigrips ruddyfaced crew publico best reflect knew yet abet son gillett coachman conjure great pillar extremely clonturk punish creaturas meila dear complicated new smith demolish wellesley crush chaplain orange easily cheap tower niall apprehend hugging pantaloon n't interpret injustice kiar dispose request tomlinson literally ballalley friar gait affected go slop infinitely howth godiva athanatos cordiality mollycoddle kine gazette born ferreol broadsheet pfotts real grace pill appear pull horn house confused wear institution nicholas mug deafen wait silken kostka successfully typhoid printer brew eternity grave shout fourleaved relation variety humane area swat stockwell continent verbo skit orphan strengthy cute brunswick stream orangefiery kindly estate rakoczsy purpose late medlar barnfield kavanagh pledgebound william milkjugs sideways exist lough nimbus pet winedark birth poorbox mistletoe art canine sure torrential scholar maccool brini tender michan true multiply mercalli poplar knacker clatter realm scene passionately calced ironside peak sitteth 'm heartfelt vincent dare geraghty istas vamoose sue snore bun outer trustee italic move subject piece rennet murder bide evening follow bason zulu hazeleyes tickle delucidate wall spider billington kelleher eis super pottery boatbearers walden scrap ordnance stretch consideration aught smooth chancellor delany quietly secret paw banba comedy recipient dewey-mosse weekly increased rather hannibal lintel rush sandy respect toll no-one island shilling ultra chemist rest metrical sail moya iffley na otherwise perforate sniffing overstep pile interest nobble dietary grunt whitelivered bone enough ask gonzaga signior asleep sepoys streetsingers kindness handle -there assurance fintan emboss people isle garryowen nearly vobiscum dust tube inn goodlooking curley phthook east pas adviser sergeantmajor bernagh suspect methusalem consisting landlord quart accord meat neighbour person wit luncheon mailed place home talk virag sacring smugging limehouse crawford cedarfrond .... word chaperon black roman retaliate jimmy victress argue bellow papal name excursion bomboost eh knight prostitute per equidistant cordial portobello stile nest chace bray porter rent miller embrace milchcows programme neatly antrim 've message schwanzenbad-hodenthaler gutenberg bobby acid dodger peacify mahogany ceremony rangoon servest bore virgin generous doubledare maintain fire edward perverted bracken international snivel justifiable scandalous higgins trampling carlo hubbard soil vocalist lamh roll harsher domini pediment dwyer evviva exceedingly explode ananias pot circle denominate sycamore mortal dolphin cry rein summit lenehan clap jew evoke park blender glen stubbs sink whether waltz send history limb light forester allegation sinewyarmed hatakalda interrogate station flow arsing date red hungry provide contaminate second volupcy rubber bole hazelnut kybosh rainwater manner volley question crack twopenny bloody roasted pontiff pay sixpence lawn slut beamend put defraud mild larder moustache anatomy terence saxon discover weave former liffey spectacle thither due burke moreover bezique beech gorman thereon natural loom thoroughfare shielings hall onion franklin emotion rightabout strong bleating neave belly term orelli bumper treasury throttle elector coffinships presume ivers vault row deadly explaining privileged cockburn many closing bograghs flash overlook extremity bay progress unsound terram somewhat judge bitter woodman acknowledge countess chargeant adrinking keogh valentine steam tomorrow stitch hereby sake fairest suddenly nostril injun meet deedpoll potato chamber loving hawthorne kerry lyon grocer star hoose borrow reply highclass tax illuminated ventry slieve firstfruits rosa tacitus nobly arch ill silver hospitator embroidered tree winebark understood fortune frederick subdeacon knelt caveall anvil like atop boomerang subsidised president line brooch excellency bloodthirsty reafforest expectation lineage ingot calpensis glove thousand carrickmines bogoak volume moon picturesque horde ship charles sixteen cockahoop hip cruiskeen cannonball chuck image neaulan bob greatly killybegs slaughter drum superquality delightful hollyberries turk pick commendatore register sung plumeyes round couple old bristow lamb superb game battleship rowan alevats bloom bayleaves pockmark author squab conifer brehons felt hid sanctissimi codding quay vagabond wheatley roof anne web reign answer see spasmodic limerick paletinted sole forest beating hop-of-my-thumb stoke decease indulge henchman pu shoulder pattern night medium a. cunningham finer bos shuffle fursey encourage phoca medley greatgreatgrandmothers wherefore episcopal expert megaphone eagle ironical gumley ratepayer promptitude blackdraped broadshouldered g. gallant anglais himlifted imperial protomartyr fine pokethankertscheff mentis summerhill subsequently ominous current delegate usquebaugh cull privilege paralyse lyricsi always hidalgo gun trader rio blackwood ai -off gladiolus sadgrove avila hay cow dentist y. roomkeepers boy colleague refreshment vibrate dame gaelic atmospheric faint seagems cudgel tutelam hereditary clothing corny colony wight o'donovan boyle whip cabbagelooking full beethoven fleet chaste prolonged farting pulpy something sneeze scroll york begin soot everlasting smutty bar fart junius plaited alfred dimsey scab sister moss spinoza eight familiarise bench unseen hollow hatred worldfamous graduate sobriquet drive dorothy ruddy acky burn tilsit afar playful priest maud aspenall undertone omnia proximity invincible jolly sale lament throng affirmative crane blackburn bacibaci yoke giltrap indistinctly figure tennis opera stool must pastor deliver issue fat theodotus heenan bold writ karamelopulos giveth health unassumingly gradual fuerit flinching together bared secondhand finbarr cloth defunctis robert jameson boss truly familiar luck neat cling spinal provostmarshal slumber region fig dynasty armchair gentleman heart love julian purchaser scaffold traveller merchant diminutionem 'll laughing willow o'neill laugh christum batteringram houlihan accept ballast yesterday messenger mingle bantry express laurence castle rare order eblana cornelius fortyfive begob scally berchmans dictate gurnard busy alliterative quaff grease establishment meeting savage joy decent throne week poison gallivant building hanging rely streamy somebody chief corporal morbid bristle betray giraldus catapult vat departure tribe tamoshant alameda breach sloppy queer chepstow pr leat evicted starve pipe fever gauntlet laity cleary breeze ay mutual handicap quid buncombe scruff remand decide upwards bheag blackguard offer beneficent windpipe trade community fowl rice ox skeezing nepomuc ponder christian jesus opinion splendid hearty lynch prickly gesture povertystricken boycott law jenny gear instructive servi air detective widow evangelical license permit david bruise jim faithful carefully fifty double cha israel o'clock murderer limit rear lack conceal sober flaskets rock harbour recitation payment caballero quickly stand etc. muster cynanthropy nine prophesy premiated outdo jab belfry flower underslip life gap god assigns antitreating mount counsel flabbergast peerless imply brief bark dho pure bail mould unexpected sable drumhead macmurragh royal flanagan ray serried martin garment paul gillicuddy key aha prison healy prefer lavery maya directly conspuez tonguetied method ruin steady add pole r. shake atmosphere glittering goo raiment inspire greek importance drolls b. inisfail acclamation independent holy hell wonderfully much load nolan chew spill halibut unfortunate rise odd marry vicinity timothy animae dermot fun sort lardyface heartily beggar presence venison patrick forrest roast shakespeare anglia crest fresh peter important camus alighieri opposition strawberry speech artist london renown capital conneff distinguished oxter kaffir devanic brother scission occur fergus bellying fork bellowing mournful become acuminated shebeen toe argol macdowell wag facility wealthy godlike edifice entertainment maguires remember heroine mohican sweep raspberry floral mirth-provoking grazier firstshot bonaparte want whitehall reverberation superlative ell m. sweat deelish physog jude obelisk wright side contradiction nuptial bible scarify dwell wood vale eugenic rising thief convert wretch macintosh whereabouts historic paracelsus except herman-joseph get effect strung marx wink almanac loughlinstown dick guaranteed plan contest hoho childhood p. save respectively relief battle sacred colon arrival vocalism canada blimey explain attracta eponymous keyes brendan sun food punishment wo several yard messiah heir janeiro m'carthy tragic irishman ticket path lottery fitter still hung ash cleopatra jarvey chant tanyard pass francis merriment aherlow umbrella high sheares leave portugal cough inhabit stone decency monk rudolph cast alive chair sowpigs rightful racy verdict colman fool thicklugged subjoin spit sufficient rat sp dominion mucking found genital liverpool step meadow cutler redhaired zivio treaty lamp ad alexander believe sanctimonious inkhorns metropolis advance trajectory espouse branch number beg goose bi hokopoko punnet welkin afforded maybe cavernous usefully twice flock pentonville discourse voluntatem garnishee winker sweetens spare deacon dedication canopy afford crucifer spinach cut rightwiseness every possession pumpship imitateshort bonfire gloryhole gob fought satirical rumbold trick exquisitely street sore grade videlicet loquat pecker delicious o'donnell dragon weeping comfort proceed motherless joseph whence middling constable die regis terry menton undivided felix kid bottle genuinely temperance confraternity frankeyed plaudit particular disease huguenot herring devil swine paraphernalia condolence stravaging incandescent nagles wail adulteress packer cod publish swig congo grandmother never harakiri falconer nomine tongue dearg leader mullioned smell overcome phoenix affray ster blacksmith truer rode father assemble play killarney try withal specially everywhere clear silvery partook intimate cuchulin honour donegal co o'toole akin good connacht stinker nymphs exception wholesale w. pappin penny eblanite sign today apron bleed duck acquaintance twenty theobald pistachio pagamimi hebrew frailty gamehogs weapon nominis american foreign deerskin respected grab percipiat harp belgian trinitarian colleen effendi protestant prescribed hat faculty hate blacksod read catkin tear tradition prayer bernard hungarian steak rt dignam vulgarity zaretsky benefit heap bout doggy nostrum shot ventre de growling lot cheer exchange m'keown fottrell bathtub suck victoria isosyllabic causeway edge europe jivic repeat myler negative repetition suitable lark feather rain szazharminczbrojugulyas-dugulas one squeeze queensberry cummins sens isidore bully worshipful e. bugger hardworking bride owl wolfdog distinguish utter family bruiser tone cauliflower convent esteem wad archjoker company hungary obsequious slogan knave flutter bulllocks invincibles anger steer visible scale glory awfully frame bloodshot physical falter caniculus small lynches blood replenish mote sixteenth fear passion keep alone force bretaine lay bill story peacemaker say seventeen lusty behalf thursday cum nec largenosed almond chevalier frigidian advantage bookloving nymph iopas mu eyetallyano immaculate interval extract bawns tinker depose patch kiss napoleon waddler cowe lokum lump live giant hunter surge catholic grey tipperary calculate millstone deus perhaps lebanonian heavyhooved collector turnedin aughty raise butt manuo strict shin gall plaice hop pintglass punch venient diamond treeless sit rebellion chow whereas afternoon various sugar garner honeymoon aqueous garths amongst nose lap clown heytesbury marha ben prowl come result easy drag indication coarse oblivious puck jaunting vengeance low baconhogs obeisance cabinet frenchy connemara india priscilla longford cavan interment wought security kevin gara willing foxy visage shear tommy angel bargol oath lose ethiop oscar beheld kingdom premise least flatulent truss sovereign flay host legem scripture d. dublin ragamuffin bull craw flor elephant pleasant furiously martyr tea non neck s. power cuffe bad silent sinhedrim process tweedy magnate gently capel scourger famous fly graciously happy cuckoo storesheep deliverance swim rotha woman flat responsible succession silk con mavourneen shod erebus pomellated hotfoot nat cracked rearadmirals memory comer earl hangman bee entourage bungiveagh excuse strange mooney loaf hurry viceregal rapid softnosed k. tantra grandjoker en mislay four ffrenchmullan romeo lilac wheelwright ridsdale wheel moses testament muzzling hiss supreme disembowel ladder hefty boys rhine courtenay thoroughly plumber jeremiah elderflower mix upholstered anna browne hello likewise quicken vendor tribal alaki breen admiral caruso-garibaldi gradually already meal m'cracken francais abstract allow velocity muse whiteeyed gather battery nurse instrument;By The Light Of The Silvery Moon by Jimmy Bowen.txt
Chantilly Lace;Big Bopper;face sweet pony late go likeyou yeah pick giggle ... necked round oh get real know eight lace nothin loose likeembed a-hangin make act chantilly 'round ai long honey might pretty right big-eyed girl money also wiggle speakin' funny goose spend ha talk like lyricshello 's bopper tail feel baby thing walk world big n't;Chantilly Lace by Big Bopper.txt
Come Closer To Me (Acercate Mas);Nat King Cole;heart asi love sufriendo pero 'll come likecome lyricscome life let give 've whisper bliss mine mineembed one start please hear heaven kiss porque thrill eye long besa adore live wait see might darling also estou divine closer close dear pronto como tu music learn besas song paradise ask mucho besame acercate;Come Closer To Me (Acercate Mas) by Nat King Cole.txt
Come What May;Clyde McPhatter;long day like night fall true live may since bear mine get might heart remain 're love go even start lip also mayyou lyricsi lonely 'll likeembed come divine apart upon mind near though kiss teardrop find mile plant away picture;Come What May by Clyde McPhatter.txt
Crazy Eyes For You;Bobby Hamilton;eye day anne oh good true carol get sue know might darling love feel also baby second lyricsi likeembed glenda mary indeed sometimes crazy gay yes minute make peggy ... pat 've every jenny marie cra-cra-cra-cra-cra dear hour;Crazy Eyes For You by Bobby Hamilton.txt
Delicious!;Jim Backus;keep scooba lyricsfriend fun doo care ... delicious hic ooh put oh get know year heh-heh thish heh likeembed gon loshe j ha-ha might hee-hee-hee also table jim na yes waiter eve ha dear lampshade like mmmmmm night new cozy hat 's 're even cork hehheh want paper f 'd every n't pour champagne job dabba;Delicious! by Jim Backus.txt
Do You Want To Dance;Bobby Freeman;'m night hold oh lover mmm sweep might squeeze man dance lyric also baby romance hug likeembed tell want hand kiss yes make well moonlight;Do You Want To Dance by Bobby Freeman.txt
Dont Ask Me Why;Elvis Presley;long 'm would good live 's know might heart 're love go dream lyric sad also ask ca 'll say else likeembed want without though whyyou need kind n't goodbye dont;Dont Ask Me Why by Elvis Presley.txt
Dont Go Home;The Playmates;'m till likedo hold finally learn complete yet wait see know might leave meet love go fade dance 'cause also ca please world tree come stay party near little darlin' make 'd home n't lyricsdo darlin'embed saw dont;Dont Go Home by The Playmates.txt
Early In The Morning;Buddy Holly;day 'm like best back oh hold morning bridge 's moss know might nobody cry one heart cross man early rollin right lyric milk miss hey lie also 'll say gon break want yeah stone na yes gather ever tight yeahembed spill well time n't sorry away goodbye;Early In The Morning by Buddy Holly.txt
Early In The Morning;The Rinky-Dinks;whoa hold bridge heart 'll say yeah stone ever ... mornin time away oh morning moss know one early lie gon sorry best rinky embed might man right also ya break na mornin' yes dink lyricswell likewhoa day 'm 's bad nobody cry 're cross rollin milk miss want gather tight spill well n't goodbye;Early In The Morning by The Rinky-Dinks.txt
Enchanted Island;The Four Lads;beyou magic face true may enchanted call see know might roam land around one island 're love never enchant also yours-and-m 'll likeembed lyricstrue upon stand find 'd home sea wherever;Enchanted Island by The Four Lads.txt
Endless Sleep;Jody Reynolds;full fallin hold keep alone heart leave run go say come darlin near away reach breaker rain mine shore seem cryin lyric likeembed hear voice endless ran footstep save trace saw might around water 'fraid also nowhere sleep tonight sea night 's deep cry '' baby black look fight forevermore angry join quarrel take fear steal;Endless Sleep by Jody Reynolds.txt
Everybody Loves A Lover;Doris Day;'m like pollyanna tall ten nothin' gee havin since lover 's personality call might lyricseverybody one thinkin love feel fell also guess ca ya wow likeembed else ball everybody youuuuyou yes foot worry n't popular help anyhow;Everybody Loves A Lover by Doris Day.txt
Fever;Peggy Lee;light name hold something chick call burnyou hard flame missus julie love go try story point say yeah everybody daddy care give 've listen affair put oh morning get kill know kisseth afire start youth captain likeembed thy romeo felt kiss burn make juliet centigrade long forsooth till daytime live bear fahrenheit might around lyricsnever right sizzle also mad treat sun wo arm 'm way night dare thou learn new lovely smith 's 're never ago giveth baby moon thing much pocahontas tight n't fever;Fever by Peggy Lee.txt
Fools Paradise;The Crickets;back fool oh night true cana live ia think alone might wea heart never love flower heartyou also paradise darlina many please sit likeembed apart come mile worry cause lyricsdo dear;Fools Paradise by The Crickets.txt
For Your Love;Ed Townsend;anything oh foolish would grow get 's might heart love go also likeembed lyricsfor beat kiss ahh ooh anywhere repeat;For Your Love by Ed Townsend.txt
For Your Precious Love;Jerry Butler;grow a-you love so-whoa say 'll ever ooo-ooo-ooo whole fool oh mean realize likeembed ~you long precious first might darling girl also lonely surprised tell whoa-ooh oh-ooh na wo sea i'm 'm know-oh-ho 's deep lyricsyour 're could wan thing world blue want n't wide woo-ooo-ooo;For Your Precious Love by Jerry Butler.txt
Ginger Bread;Frankie Avalon;long lyricsyou full 'm spice think wait might ginger heart date meet 're two say- share naughty also momma say much 'll likeembed beat corner crazy kiss bread nice every time young sugar kinda;Ginger Bread by Frankie Avalon.txt
Got A Match;Frank Gallup;genially proved face cosmopolitan weep misery lyre turn chance reverence grapnel recollection contemplate surly sterling wrung-out criticism 'oh rapture confess print ingenuity sake think observe passage seem genuineness clergyman presently spirit little push reply viler tie however possibly deposit reliable commonplace polonius indispensable aid ill trifle jewel tree break maker vinous upon gold fortune scullion effectively speculation calumnious principle unprepossessingness survive like ragout attend fan mankind employ even volume expand grand advicein ye social reason color implies hold dexterity human sociability genialization autolycus profusion laertesadvice delightful protest pick time improvement round enlighten cigarsyour old breaker snow-bank decline oh surface loose chap flesh-and-blood tickled profession author alleghanies free brave felt gay doubt find bluing-bag celibate stiffly help pith mass answer see canvas receptacle quality sole money needy wholly tell bland flourish indulge avowable way geniality surely immature individual mummy-colored notion unto lead rejoin regard livery repose take expert adoption grass boot fancifully drinking virtuous christianized stomach unsuspected experience thatthat sinneris rope hook christianization victim bribe everybody heedless foreshadow prejudice venture mostly extinct fine inca probation afraid privilege always misanthrope midriff monster trader division ai coonskin precious spleen since safe glance preoccupy patience sad treat boy goldsmith companionable part boyhood slid ribanded ago chesterfield inflicteth inferior excitement automatonism bless hand charlie certain full trust something deity sourly disgust unreal effort thinkand snowy purposely begin suggest economy fatal impetuous cheerfully morality eventually fanatic 'ah unaffected mood know censorious west forth dream humor hollow lyric genial wonder thy fuseth living peculiarly common excitedly saw perplexed forever besides modesty comparatively charity western eclipse ketch bear greased set pleasure pretty energy cigar genialized serious table pocket body redness green abroad popular befit disturb close figure anything affable must mellow lord desire frank stump admiration assume giveth philanthropists accompany revel bring together philanthropist creature corrupt truly familiar especially honesty worldling allthe slowly gentleman heart love frankno apple 'praise 'll tobacco jocose throw meantdivinely enwreath friendshis bowing laugh give tip veteran thaw oil iron accept france express forget noonlight resume cram ca rotten devout self-possession investiture make buck sorry next likely left-hander style mend adore conceivable admire whatever certainly almost pearsa show intention weaver softnessto competent bounteous sentiment freely echo willshould excite inadapted league auxiliary day spinning-jenny moist course mature vocation queer finishing eulogy smoker group expressive guard utensil pipe match-box atahalpa provocation character resentment dotard-of-state paste tyrant whit enhance point jack imagination wicked powerful madness poloniusa indiscretion away head globe flavor extol view dog sobriety mine suggestion stagewith christian opinion enter consort faust youth salutary reveal mind charming sha wine-corker puritan law comrade air ate categorical permit evince distress impair smokecome enable eccentric though surprise fierce pizarro arm archly limit murderer pray open sober hope stale feel agesthe fellowship contention noble business last-named insincerity stand schooner wash knock lyricsopening tarry slight arraign incompetent laertes breaketh hearta whizzed misgive one-sided hide knitteth tide occupation compatible else large appropriate moderate life god original difficult philanthropic plant coming admit interview puff senator men cometh require lyrist counselor bark pure withdraw instead loitering ripe hug puzzle increase agree incline tether cigar-stand eye long hang till prove beside oppose prefer august soft fain right companion mad heart-joy add measure superfine factit consolation praise hortatory stylea sibyllic ingredient nettled ifsupposing really reduce affirm inspire simple condition degree sense vile influence could friend serene notice earnest much 'the perfect look leaf vicious 'loan superior unfortunate amphitheatre speakdepend probe bias continue stack treasure-chamber sort beggar object presence fifth fop fly-blown truth.then raw decorous shakespeare dangerous warner understanding verification timon contrast courtier morning winter cheerful speech exclaim form brother `` hardly by-the-way uncle may idea mitylene.who ground graceful age blessing commit abandon attest waiter retail remember along use touchy crown growth rogue extreme population top triumphant rim want shining trunk convivial gravely office warm well ungenial conviviality magnify qualityin abandonment side hard apply pressman bible wish rap inexpensive ever unless young noi wretch herbage a'dancing invoke except wreathe suppose get stigma sinner unimportant effect unpropitious twinge fill simplicity goodbut hear operation pitch bluntly labor save cattle leg reclaim linger hidden butcher companionably first explain offend flush disinterested poor-house yield cite mildly stick rattlingly sun overgifted yes wo catawba universe fellow eunuch cause yard fireside senile anybody constitution consider l launch civility sharp prime reject still signifies poor discreet smoke golden agethe ash rosiness earnestness drop clandestine gallop forbearance madly cherish free-and-easiesit high leave share indefinite seat indian stone near fit genuine detestable manly chair time-serving smile fool himthe boast shameful deny tend lie nature sonmonstrous shall mischievous less flesh step bind enjoy wrinkle diabolical act dispense believe best steadfastly varlet yet england son advance latter smack sedate change great knowledge press hasty dear appealingly new ascendant quite drank cheap evil exultation hail every n't testily ballad joint-stock maxim repulse displease mouth recruit destine 'better go strike boorish sworn quiet irresponsible exactly 'sell among thanks memento doctor engender drilled tidings disclaimer real year appear glue rag-house fourth pensively nothing likelihood bottle wear humility converse pronounce concede glass-unperceived fall poetical port fervently wine particular embed might wantonness contrary calmly devil hath confide grave department lean unbroken depend poloniusyes glad whiff learn pleased joyous outlive stun never thing rose stream cleft kindly join evidently hint humanitarian bravadoing resent fuddle charitable bat father princeliness none conceited play false hopeful try soullessness fast let intimate diffidently sideways slip exist conception dry good heroic exception birth indignation employment prudence sure acquaintance indirectly scholar lucky exert undeceive vine melt tender true bounty also virginia invidious pain language speak scene cheery sauce-pot crude others budding thou wrinkled hate 's conjecture nobleness missourian wasp previous read poet persuasion garland tread pooh confidence-man move subject lightly sound paper-and-ink rosy drule call probable us pirate abuse hey-day sacredestis dandy tickle babbling speaker impolitely repeat tobacco-plant confidencethat surgeon advice suitable pottery stretch one recommendation career mean deceive secret sip stranger comedy pursue valeta weary gentility approve uncompanionable eagerly forsooth weak captivatingly invade naturally prescribe hypothesis family truth 'this era tone misanthropical affirms drules company otherwise knave closet morepoor anger flee steer impossible selfishness tranquil spurious interest brewer dropped short latent small madeira world sometimes reserve par figurethink future fear peru match benediction keep to-day alone pecuniary lay assurance saying say panegyric care opulence people isle escutcheon represent bungling wound affair dinner soul advantage would stuff thank remain pas cringing coincidence heaven curiosity desk ripeness without occasionally stamp accord corrupts characterize urgent poetic live lecturer peep person disciple two aspiration mellows century sincerely drink perhaps place indeed impel indifferentlyfill talk raise sea hour certainwhat far cylinder lock '' unhandsome word profuse broadcast black noah sit money-making moment name account sweet personal foes.who alabamaian devise gray plate fume nest illiberal come roguishly result easy case low witness fact wayby generous prudent moral everywherea address winethe embarrassment supposition concern kind lose grant tooth reflection least rhineland malvolios spring mystify man ardor understand touch capacity spaniard heightened last unexcited precept transfer power fastidiousnessthat example supremacy nobody cry process wise importunity enthusiasm straw fly evoke happy casethat barrel stage stay contingency commentary glass italy wine.who confine hast history involve liberal light cot flow punk experiment unsettle red manner attentive length fatuous question fare impression hangman present gladiatorsgeniality professional ah whole put murderersno bliss mild hob-a-nobbing strange abatement presentlylet petulance knuckle return emphasis dignity inculcate former offense thus accessory isisin wisdom steel rheuminess refinement moreover general confidence aspire ruby irreligious rhine thought ice-bound circumstance goad thermometer grapple treason heated doctrine crazy hall manas fiddle strong paralytic outnumber whose particularly cravat mischievousness guise bit suffer likeness modern abstract inspiration vas another progress distrust;Got A Match by Frank Gallup.txt
Got A Match;The Daddy-Os UNCERTAIN;full amazin weekend face match mc mystical personal flow none physician smash fisherman fake force spatula chance go gate skin wish rap point michigan yo say 'll win masterpiece wicked everybody life flip shit verse disrespectin flake toss ever care gibberin let give steamin unless time 've people showin fibber fresh mic tire hack jackin slitherin success playin serially different back sacrifice invisible fool good sake killin get bacteria hysterectomy illegal know infest fest task dream christ fuck slicin bite effect 'cause intellectually lyric dis potato fill throughout cover always plan hot teapot blowin hear shape less flesh release offense appendage clever deteriorate twist torture make sorcerer whoooo orchestra ai battle quiver lake flea rapper wake bust ayo tec first shiver jason see set might embed snake goin 'til gettin disease man quake also toilet chase ya y'all stomp whack break hemorrhage rappin' na magician shake i'ma ache rhyme last itch materially clearly day 'm like way remorse launch jaw impress open severin proper 's tryin course wither intense contraband 're never physical enemy could slug feel wearier wizardry friend wack wan hey ask inferior tradition knife bitch recites much want stage hand operate fight kick mask reason slice steal every n't wantin spiritual stiffer take superior nigga image pass fear amends piece;Got A Match by The Daddy-Os UNCERTAIN.txt
Gotta Have Rain;Eydie Gorme UNCERTAIN;name mouth something ta flyin rich play go lay skin egg say come yeah shit white ked crack tickle time 've people imperial suit ah coffee listen rain game get think know guy meet chad dream 'cause omelet hole today always dick hear kid jam digeridoo foot make heya margarine- wear noooooooooooooooooo lyricsyou hockey live sing embed might jelly two kin k also stick problem vagiiineeeey rub audience na kimya cha likeadam like remember power night peeney cigarette thinkin 're even wan miss thing black grand cute hey condom they're want rainbow stand wing f n't take bout;Gotta Have Rain by Eydie Gorme UNCERTAIN.txt
Guess Things Happen That Way;Johnny Cash;like along strength way put wayyou get forget know might alone someway man girl lyric also baby guess thing happen ask miss 'll ca say likeembed heaven everyday god kiss stand give find well lean n't another someday help;Guess Things Happen That Way by Johnny Cash.txt
Happy Years;The Diamonds UNCERTAIN;woman trust goodbyeembed grill something match nose ta clean flow janis cheat coward fam fake heart leave force lawyer us go love happens .. half awesome yo say tried peace astray pick daddy everybody life pimp type breath ride let selfish final ... johnny time 've pride people round away later listen pay alive honest month birkin different back nas tat oh soul good would demon morning game niggas get fault men think know year depp one die cash bruh 'bout seem fuck bail 'cause lyric ca highlight dig truest gon stop mind personally enjoy rewind louder little scar burn make star either `` dominican next saw heat cop ai forever eye believe key least counselling bride live since yet scream weird seven might see miami racist 'til matter two beautiful right pregnancy truck serious bye also boy y'all joplin action joy mom tell speak bye-bye aight grave gold na crazy catch last ha deposition talk imagine seed arm day 'm like divorce crib night longer new shorty ahhhhhhhh hate 's altar mess end behind '' never hope cuter could version enough even baby friend guess thing black wife happen meaning walk much cat happy watch probably want bag look write stay fight angry certain reason trak gangsta blow n't another color take plus goodbye;Happy Years by The Diamonds UNCERTAIN.txt
Hard Headed Woman;Elvis Presley;woman samson keep side hard play go thorn apple cotton yeah pick begin finger clear jezebel ever let round away trouble listen head delilah oh get start lyric hearted hear doin king till hair since might around swell soft man also tree tell clock eve catch cause curly manembed like adam mess cry rock '' loud evil world 'd well n't;Hard Headed Woman by Elvis Presley.txt
Hey Girl - Hey Boy;Oscar McLollie;mcgregor shot blunder rap-up kardashian dock turn shoe us love loser lot rap dead heater ball dome peace masterpiece throw shit hit give tip tire watchin super grip rain internet get kill couldnt cali guy bowl one mean million seem spacey please bully hear beef stop wildin little coulda scar make nicki buck trump next fidget weak style respect bump lala percocets engagement lookin silence racist rest show spinner speaking ya meek issa sun break wild everyday yes winner cause somebody day lonzo like l molly harvey soze straight still tyrese even lotta apologize wack ask couldve world chris ye sometimes korea drop violence trap khloes dumbass la welcome yeen player mase runnin cant buzzin ta solar keep yah tiffany kendall alone chicks leave bill news libya say protest lovin people aye away hart head kyrie old back soul oh game march mine hatin blac start takin phone likeembed gon boujee gay twist doubt find cop j wont beyonce live meat son see charlottesville album gettin tryna shade money aint seein somethin busta triple cheddar tell wendy place keyser though beefin kelly peele catch maybe dont russia breakup despacito jump way storm pray new sean covfefe feel black hey walk sit special net stand big every shame take hov dumber fif gang control outside mill go street kap twin bitcoins thats come stole waitin everybody pepsi verse havent test north hack taylor nfl south finally folk fact real year three rod fuck bro kevin dipped fire draggin kid ima gun im royal house confused lose movie oj soon glow rootin oscar doin lavar brown damn wait might floyd dat man humble right mumble girl mad comin ruin touch boy r. shout shake usher trip really heres power music dude faint learn homie bad nobody chyna never pair trippin friend wind usually probably watch look stay serena beast hurt cmon sza send wake woman light sunday clean somewhere rob backpack skillz play melo wrap cam em weinstein clear b let bloody wipe listen whole excuse eminem slave sexual good didnt liangelo know manchester west matt lyric pink wonder sign heard sprinklin celeb need jordan saw dc putin eclipse ayo wouldnt lady around thought ground united slate bye also diss spicer mix funny speak yall boonked crazy jet jenner choose swift disguise vega fair haddish affect work lo horror cardi song fell baby many top modern bitch together want bag salt buy well insecure talkin lauer bout;Hey Girl - Hey Boy by Oscar McLollie.txt
High School Confidential;Jerry Lee Lewis;light something sweet high woo heart a-beatin shoe go news come a-here everybody boppin let give shakin a-groovin school a-honey listen rockin soul good rhythm lover get rockin' smooth hopembed gon little hoppin' foot burn mama a-movin fuse confidential a-knockin' honey 'fore jukebox might a-jumpin also boy hoppin tell na likewell shake tonight i'ma lyricsopen 's bit hop rock 're singin rollin baby blue cat movin look blow well n't sugar boppin';High School Confidential by Jerry Lee Lewis.txt
I Believe In You;Robert;drift keep alone turn heart love go 'll say come apart summer white near let give mile 've pay worth back oh rain driving morning forsake frown real winter know 'cause lyric feeling always today likeembed plan drive mind pursue make dawn `` town believe may set might around sustain matter change show also pain youyou though shake laughter home outnumber like night far still disappear '' thousand even feel could door friend black ask earth walk tear want look 'd n't renew;I Believe In You by Robert.txt
I Wonder Why;Dion;like 'm upfront background would dun true thank d-d-dah think know might d-duh heart d-dahs 're love never share lyric continue friend song wonder throughout fill say always likeembed break tell want part sure care mentally also d-duns doo-wop n't often away d-d-duh-duh-duh d-d-dun;I Wonder Why by Dion.txt
If Dreams Came True;Pat Boone;king eye moonlit lyricsoh moonlight oh would match true lover keep see might darling heart trueyou dream agleam arm could song discover also paradise starlight dreaming always everything world happy likeembed come company ever garden laughter star 'd need trouble soon dear;If Dreams Came True by Pat Boone.txt
Ill Get By (As Long As I Have You);Billy Williams;grow call high keep side alone love homeyou travel say 'll dome come begin pennsylvania life wall wherever head california bed soul good morning get castle youre early indiana 'cause lyric throughout always gypsy everything likeembed stop stranger need house cabin `` weary eye long instant roof hill see pleasure might settle around right also touch tell place body crazy surprise home cause dew use night 's withered root 're never '' word could feel together look warm well another turnpike;Ill Get By (As Long As I Have You) by Billy Williams.txt
Itchy Twitchy Feeling;Bobby Hendricks;mouth something call go try lot come bandstand nice 've people tune dog get twitchy think know 'bout start feeling wonder likeembed sure felt flap make house leg lyricsdih soon long hair roll see might stroll rocking understand also dih mad wrong shout hound reel rolling dip arm like jump twice music itchy must 's bad nobody yapping hop still rock 're dance feel ask sit much look well yappingyou n't legs feels take;Itchy Twitchy Feeling by Bobby Hendricks.txt
Jealousy;Kitty Wells;like soul fool breathe oh must air jealousy 's faith set see might control darling heart 're love never realize deceive feel also lyricsjealousy ca likeembed suspicious free drive sure life crazy wreck hurt make ... 've n't shame cure cause jealous distrust;Jealousy by Kitty Wells.txt
Jennie Lee;Jan;eye 'm name oh sweet true live marry grow wait know year see might heart one leave meet love ago jennie girl try also fire likeembed gon bother seventeen life na without lee lyricsmany little leeyou make 'd bright;Jennie Lee by Jan.txt
Johnny B Goode;Chuck Berry;light name driver play go say come wood ever among mile johnny people log old mother back oh would rhythm beneath bell lyric likeembed hear stop little make sack cabin `` engineer live see gunny might around man track shade also boy tree sun goode louisiana tell goodeyou tonight railroad maybe close ring like use way music b. orleans learn new deep strum '' never read could 'johnny many earth guitar sit write leader country stand evergreen well big band carry someday pass;Johnny B Goode by Chuck Berry.txt
Judy;Frankie Vaughan;call heart yourr heartache lyricsif apple say 'll let ... hi judy smart upset fool get know wrtech seem likeembed hear voice sure stranger find `` eye betcha fall 'most spring see cart might soft also wrong drawl tell danger shout saint yes praise ain't southern fellow like l way bornyou 'ya hundred 's '' hope 're guess watch bring every;Judy by Frankie Vaughan.txt
Just A Dream;Jimmy Clanton;vain live mine mournful think misery know alone forget late might cry past still leave never love scheme dream seem could lyric song also lie ca pain always sit plan hear please tell 's wo 'd time last n't picture likeembed;Just A Dream by Jimmy Clanton.txt
Just Like In The Movies;The Upbeats;like believe river south hold fall lover bridge 's pacific pretend follow around end might cry kwai 're love also baby moon likeembed world youyou happy part crazy build kiss let make paper movie lyricsjust close swim confess;Just Like In The Movies by The Upbeats.txt
Kathy-O;The Diamonds;window lyricskathy-o kathy-oyou strange kathy-o grow bewitch know might never love dream also devil wonder thing secret taunt 'll always likeembed little angel star;Kathy-O by The Diamonds.txt
Left Right Out Of Your Heart (Hi Lee Hi Lo Hi Lup Up Up);Patti Page;name call tho heart leave play heartembed marine love hi-lee hi-lup lou say field breath hit give ... time impressed back oh hi-left get know lyricshi-lee start silly hear reveal kiss save surrender red-head merely `` town believin best since might likeoh around right bein girl also telephone charm caught city yes hi-lo really arm figure dear like 're '' baby cute left look suzie warmin'up cindy 'd mighty;Left Right Out Of Your Heart (Hi Lee Hi Lo Hi Lup Up Up) by Patti Page.txt
Leroy;Jack Scott;judge keep heart date shoe go try say let leroy 've six month back get know bowl tale 'bout cellblock jail bail ca lyricsi dig likeembed gon wear long best lateyou live son see might two man rest also boy tell na cha wail pointed 'm minny hate 's straight never blue stay 'd n't take;Leroy by Jack Scott.txt
Lets Go Steady For The Summer;The Three Gs;mac call front love vapor dead heater verbally empty child sadness throw yeah shit summer give young playin birthdays rhythm niggas get lace one mean seem ca please stop knowin motherfuckin parole bump shattered silence slit island note k show ya wild spliff cause struggler day like turf 'em talent tryin course i'mma straight still pity rida cream starve loc mo exercise faking representer felon criminal player throat runnin daily ta high keep death force handle outcome sweater say madness round school head shower old back soul oh g-cell threat game demon eastside spit screamin rat feature phone reachin mind beat step without protect footstep infrared act help live crippin son see tha 'pose nighter killer number money robber stomp proud cheddar tell home maybe mercy raise jump buster way convict caliber crucifies lock shoot tape black walk lead stand cut beam n't take biz plus job moment misdemenaour nina fuckin gang control g's street go hood robs everybody life god quiet test pride 've magazine jacked releasin shell fact real gathors year three lyin fuck daydreamin' tec- lose hearse label eye long roll hustler damn embed might freeze man right fullies steady add squads tragically shake motherfucker power homie bad nuh-huh clip 're never hell byter could trippin friend wind thing semi-automatics creepin fly bang watch source bless hurt tight society jury gangsterizm purpose quit hittin busta-ass hungry try crime cold bustas let ... pay chorus damned whole put good comin' know refuse dream 'cause lyric sky dumpin' momma fella machine sure burn need hahahaha gots besides bust tec set also watts hater scene city strong rhyme tellin close breakin block 'm pop fully 's needin lord row suffer unfold miss many bitch buy gangsta underground well nigga boogie;Lets Go Steady For The Summer by The Three Gs.txt
Little Mary;Fats Domino;like believe 'm shin rain since get call 's lyricslittle know might heart cry love rocking also baby top sun likeembed spin hear apart want stop mary little reel need 've n't doyou;Little Mary by Fats Domino.txt
Little Serenade;The Ames Brothers;long window name back pray oh sing lover bird bear 's shoo wait know might date heart return love go hope loveyou could song also miss say fly lovers melodie damour yearn tell apart lyricsmelodie bring serenade hurt care little melody find d'amour take away likeembed;Little Serenade by The Ames Brothers.txt
Little Star;The Elegants;whoa 'm woa whoah light oh true may ta twinkle high ratta cloud might somewhere one thinkin 're love ra share also starembed wish wonder sky come god uh search little tonight make star need send lyricswhere liketwinkle ooh;Little Star by The Elegants.txt
Midnight;Paul Anka;eye way hold brain owl beneath lane lover 's high might lyricsmidnight heart 're red lip also moon peek hootie 'll tree blue likeembed together drive hand ispoon kiss let care silv'ry tickle burn seeyou n't take sane midnight old;Midnight by Paul Anka.txt
Moon Talk;Perry Como;sigh hmmm hold call heart love say ear come care bright moonlight paint moon-talk whisper oh would know castle die mean hug likeembed kiss little darlin' make `` air might pretty sincere also ya tell part hubba last talk really lyricslast way night 're '' word moon tight every meant;Moon Talk by Perry Como.txt
My True Love;Jack Scott;eye pray soul true thank answer lord set know might darling heart love never lip also sky touch devotion lyricsi 'll always prayer likeembed heaven come place hand kiss angel star send aglow capture;My True Love by Jack Scott.txt
Nel Blu Dipinto Di Blu (Volare);Domenico Modugno;teembed negli lassu sognare rapito mi volare per faccia le cantare che cosi pian con piano voce lontano suonava come quaggiu incominciavo il piu tua un quando oh ed degli scompare dipingevo sogni tutti ritorni di luna poi lyric del d'improvviso sogno trapunto tuoi alto occhi se nell'alba porta spariva musica su dolce mani penso sono continuo li blu might sole svaniscon also mentre soltanto felice laggiu cielo tramonta stare belli mondo ancora non e like nel una mai perche dal venivo stelle volavo dipinto suona io vento infinito la;Nel Blu Dipinto Di Blu (Volare) by Domenico Modugno.txt
No Chemise Please;Gerry Granahan;dress fad creator keep date leave front go doo egg sweater dickey gerry crime firefly time whew head forty position back put would get hangin dungaree artist seem start cover please likeembed everything shape form don'ts billboard stop sure rack find sack woman-hater instrumental saw doin goland roll interlude might stroll man right change also 'er wiggle jodi tell wo surprise last cause d'amour really peak like arrive chemise arnold music night open 's mess hop musta rock '' pity word could -- door -yeah baby wearin bring want tent lyricsno wonderin well n't talkin granahan take;No Chemise Please by Gerry Granahan.txt
One Summer Night;The Danleers;night hold oh know might one love loveyou could lip lyric fell also moon held likeembed place summer ohh kiss tenderly ever tight take close;One Summer Night by The Danleers.txt
Op;The Honeycones;light father slowly orca flame run bullet strike try half visit cell-division apple uglinessyou prism firefly crisp quinine come rosebuds life summer television ghost coin-op give bloody ... glum choice listen valley head ugly bright honeycomb mother slow different wound quarter fine advice shell rakim would good ed irrelvant twilight beneath kill box know year order noise tale math ho-hum lie carousel secret please vision playground likeembed cell voice stop bleed bordetella without build grey-cast nothing split angel single sunny im make find boycott leg lyricsmy plain palm spll prison honey wouldnt footprint scorpion bear mass wine train become might waylaid show sell also stick war lung clothes tortoise age tell speak language remove poison kept eloquent press embellishments fold arm hum compel day like skyline use morbid night sick nothingness simple hundred sunlight hellish poke othello ignore bit nobody row still whale never terror bone read horror tail word feel evil orchard black orson welles skull stay inside every take cling pass wake welcome;Op by The Honeycones.txt
Over And Over;Bobby Day;like night would late wait embed bit might date heart '' go dance girl poor lyric also try happen steady toot say world gon please break come 'll everybody life a-please na little drag wo well n't talk `` sorry stag prettiest;Over And Over by Bobby Day.txt
Over And Over;Thurston Harris;a-once night poor would late wait embed bit might that-a date heart go dance a-wo doo girl lyric also likenow happen steady try say world please gon break 'll come everybody oooh life na and-a little drag wo well n't talk sorry stag prettiest;Over And Over by Thurston Harris.txt
Padre;Toni Arden;full palace bead grow bird alone turn rich heart us love share say win honeyed come embrace away padre would grace cottage lie wonder please likeembed heaven lyricsthe weary king eye true sing may first spring count might also tell place kneel hour day along meyou pray 's cry holy song happen thing small golden fly grief bless wed bestow;Padre by Toni Arden.txt
Patricia;Perez Prado;heart patriciayou lip try wish sort say 'll patricia come everybody care away brag get million dream cha-cha always likeembed heaven kiss long eye uncle true see might stroll also charm dollar mambo japan yes sam arm like geisha 's 're never could guess many meringue starry gleam want 'd move lyricskiss steal;Patricia by Perez Prado.txt
Poor Little Fool;Ricky Nelson;full likepoor hold tease call play heart leave love go victory win else yeah care someone give time away fool oh foolish would game carefree think know meet lie lyricsi hasten broken uh kiss little next eye huh fall first see embed might around girl also devil tell part close day use 's never poor 'd well;Poor Little Fool by Ricky Nelson.txt
Rebel-rouser;Duane Eddy His Twangy Guitar UNCERTAIN;rouserembed face ta high supersonic juvenile u.v pace 'll come thunder lasered time head hypnotize vein fool soul infra-red sent get appear guy 'bout rocker 'cause rebel lie sky everything gon heaven bent burn `` likegotta heat chill king eye weak cosmic bear set might freeze right also lightning razor na explode tonight strong catch crash worship disguise rule lyricsinside 'm like heel brain 's '' hell outer baby knee roller alright flash look rouser streak space well knock jive;Rebel-rouser by Duane Eddy His Twangy Guitar UNCERTAIN.txt
Return To Me;Dean Martin;'m meyou ti back tu oh cara mi mine hurry might darling heart ritorna return love lip lyric also bella amo lonely please say solo likeembed mia come want hurt wo home n't sorry amor arm dear forgive;Return To Me by Dean Martin.txt
Rock-in Robin;Bobby Day;tall a-boppin tweedle-lee-dee bird love street go out-bopped robin flap-a bop raven likerockin yeah bandstand rockin old swallow crow soul jay oriole tweet whistle 'cause start lyric hear gon little wolf `` tweedle-lee-deedle-lee-dee long owl a-singin embed might goin pretty also steady tree buzzard hoppin na tonight treetop really oak day chickadee rock 're wise singin '' song black grand bless wing blow every big well teach;Rock-in Robin by Bobby Day.txt
Secretly;Jimmie Rodgers;till content secretly oh must openly wait might meet 're love two right afraid show secretlyyou wish also thing secret 'll world likeembed want kiss n't away lyricsdo rendevous steal;Secretly by Jimmie Rodgers.txt
She Was Only Seventeen (He Was One Year More);Marty Robbins;heart love us moreembed wish say else seventeen life god question let test someone young old know year one meet seem 'cause lyric long believe best adore first might right girl also objection wrong score strong last husband bet like 's past hope enough friend wife happen well n't another;She Was Only Seventeen (He Was One Year More) by Marty Robbins.txt
Somebody Touched Me;Buddy Knox;night oh soul hold fall rhythm roll ta get lover love set might heart boppa 're rock go man also lyricsfeat touch say likeembed gon yeah stop hand na stranger yes dark ... tight make well last move n't thrill take orchid somebody;Somebody Touched Me by Buddy Knox.txt
Splish Splash;Bobby Darin;a-moving dancing gang with-a a-reeling shoe dub go wrap bop reeling bath yeah flip ooo tub splish time whole bug put back good a-rolling lollipop forget think know one lyric feeling everything living step a-splishing foot saw a-splashing long room might around splash splishing rocking also a-splashingembed flop rub relax a-strolling party yes rug wee rolling golly like floor jump was-a molly night open sue saturday dance teen even door miss bang a-well-a moving alright towel groove bing peggy well move take mm a-grooving;Splish Splash by Bobby Darin.txt
Stay;The Ames Brothers;along face conspire new sing marry wonderlandyou lane snow bird brown winter pretend might 're love go beautiful '' bell parson man song dream also job fire walk 'll say unafraid plan happy likeembed sight stay wonderland meadow build lyricssleigh bluebird tonight glisten make `` away listen town ring later snowman;Stay by The Ames Brothers.txt
Stupid Cupid;Connie Francis;clown play heart love go hood lip robin half likeyou else 've school put fine fool good blame morning get think real know eight guy stupid one mean meet 'bout start feature ca free stop kiss act cupid since wine embed set might right also book mix crazy picking somebody like 'm jump lyricsstupid 's cry past straight clip 're even hey thing fly bother homework wing lovesick 'd every n't shame carry;Stupid Cupid by Connie Francis.txt
Summertime Blues;Eddie Cochran;ta sunday call late date go try say summer lick vacation time cure young papa fine get nation told wonder ca lyricsi likeembed gon make summertime vote `` next ai help a-ridin fuss earn son might car two united money also dollar problem bluesyou tell week na cause raise 'm like use sick work bos a- workin '' quote 're just-a baby wan dice blue sometimes holler congressman 'd well every n't take mama;Summertime Blues by Eddie Cochran.txt
Thats How Much I Love You;Pat Boone;horsefly marry gray love go parson knot 'll thats pick fur tiger glossy let give pester listen old den would know bite likeembed kitten mare find tie hang honey hair might around pretty nickel also youyou tell na spend cause lyricswell purr 's never candy baby stroke wan much stand 'd well move;Thats How Much I Love You by Pat Boone.txt
The Bird On My Head;David Seville;'m sittin bird 's might belong vacant lot also cruel lyricsi likeembed world armsyou wicked someone head;The Bird On My Head by David Seville.txt
The Freeze;Tony;boot christmas sweet snow station bitter heart leave love street dead cold angels empty come field butter memory reach low comfort winter rum lyric feeling maple fill sky store ca dime likeembed decoration hot parka dreary rumyou sorry across woolen snowbird eye hang honey might freeze tinsel also tree stubbled blacken disguise line glove silent santa unsung still 're bone song smoke chimney tongue bring hand angry seize n't sugar;The Freeze by Tony.txt
The Purple People Eater;Sheb Wooley;light tequila mr. tough commence flyin swingin go boom bop dead say em come bap lappa shakin people pigeon-toed ooh tune head rockin playin fine soul one-eyed would strange eat get know one swing horn 'cause start sky hear voice sure oooh gruff little `` wear saw long eye sing roll ditty see embed might around land ooh-eee ground loom also show comin ya tree bam eater sight na crazy likewell aboopa last really a'really purple like one-horned way line lyricsaaaaahhhh night music a-one 's knockin rock '' 're short friendly wan thing earth undergrowed eatin look bless reason well big n't blow band tv job;The Purple People Eater by Sheb Wooley.txt
The Purple People Eater Meets The Witch Doctor;Joe South;woah two-piece keep side play us go say ball yeah pick wood likethey edge boppin bandstand johnny time people doctor ah trouble head ugly moonlight chorus a-miles eee back smile okay twilight strange havin witch get real pattin givin one meet seem horn walla hear stop sure oooh beat little range foot til star blowin' mar town saw ting long roll a-clappin lyricswhile wait see embed might around stroll man ol girl also comin tang sun eater goode tell crazy strong surprise home ha a-rockin' purple like jump way along b. far sittin a-laughin' a- rock '' 're doc of-a could enough n shook guitar bang cat hand bing gather space well band sound;The Purple People Eater Meets The Witch Doctor by Joe South.txt
Think It Over;The Crickets;slow 'm remember day grow bird 's think real lyricsthink know see might overyou heart one pretty love go two fun thro also mystery say lonely cold blue happy likeembed sure life yes kiss little let 've n't bee goodbye head old;Think It Over by The Crickets.txt
To Be Loved;Jackie Wilson;king day oh might 're love share despair feeling also wish miss lyricssomeone thing lonely likeembed hear lovedyou fortune truly kiss care someone fame queen away hour moment;To Be Loved by Jackie Wilson.txt
Try The Impossible;Lee Andrews;way true conquer beck call might hop heart 're mean dream love beckyou feel understand .. try also plead 'll everything likeembed come tell want ever wee reason find make need lyricstry ew incredible impossible really take goodbye;Try The Impossible by Lee Andrews.txt
Volare (Nel Blu Dipinto Di Blu);Dean Martin;espresso evening rapito stratum mi volare faccia hotel le heart cantare love street che go cosi romaembed wish come yeah begin near give via vegas/ incominciavo piu il /an rome sand un oh plaza mandolining lover grinning know dipingevo lyricsvolare one meet rom ritorni di wonder d'improvviso sogno las sunny mani sotto penso live blu sing see two girl beginning sun cielo though laughter non arm e nel 'em 's mai dal venivo disappear even pleas dipinto guess medley much happy country wing casa vento infinito italy n't take la avenue whn;Volare (Nel Blu Dipinto Di Blu) by Dean Martin.txt
Western Movies;The Olympics;boot jefferson call pow date heart love go drum .. half travel story say em win channel hit give ... thanks maverick time earp ah tune head old um shootin wagon back soul mccord hardy cochise saddle get jeremy eight lyricsto hog-tied brick ca likeembed bowie gun broken uh save movie t.v huh western train might land also great comin telephone bam jim break restless tell remind arrow babe moviesyou cheyenne 'em 's 're wyatt baby shoot roller sugarfoot fight certain well big n't;Western Movies by The Olympics.txt
What Am I Living For;Chuck Willis;long night oh hold mine 's know might lyricswhat nobody darling love feel lip girl also baby lonely 'll else likeembed living want life little tight time cause doyou close whole;What Am I Living For by Chuck Willis.txt
When;Kalin Twins;fine smile night oh good mine know might '' love hope right also baby always say likeembed hear want near kiss ever yes need well n't `` lyricswhen;When by Kalin Twins.txt
Willie And The Hand Jive;The Johnny Otis Show UNCERTAIN;name marry chick lawyer go 'll say indian susie give ... time doctor rockin flo papa put junior a-that sister get know one cool dime lyricsi dig likeembed joe beat little foot mama town ai doin uncle fall see might stroll willie also ruin treat tell crazy home last chief way crib 'em 's millie 're baby famous walk cat grandma look hand well n't tv jive q;Willie And The Hand Jive by The Johnny Otis Show UNCERTAIN.txt
Win Your Love For Me;Sam Cooke;torch full woah hold whenever marry heart love go wish sorrow win 'll come church 've tomorrow oh would lyric everything beat little winembed miracle long might beautiful right girl also charm arm day like tom-tom pray night 's cry hope could song many happy look manys 'd n't carry;Win Your Love For Me by Sam Cooke.txt
Yakety Yak;The Coasters;father coat outside go ride let give time scrub broom dust kitchen finish put back cook dog garbage get know cash lyric likeembed gon ai doin cleanin roll room see yakyou might yakety trash also tell sight na talk floor night hat 's rock yak friend friday walk dirty fly cat bring look hoodlum paper laundromat n't hip take spendin;Yakety Yak by The Coasters.txt
You Cheated;The Slades;lyricsyou like oh something keep cheat know might love try also lie ca say please likeembed want nothing ... n't;You Cheated by The Slades.txt
You Need Hands;Eydie Gorme;lyricsyou way hold tender new thank lord brand know might nobody 're us sincere feel show also baby tear likeembed living want hand care someone give need dayyou guide away brush;You Need Hands by Eydie Gorme.txt
Young And Warm And Wonderful;Tony Bennett;wonderful true mine happiness improbable see might heart 're love seem dream matter also likeembed come lyricsyoung search mineyou find warm 'd time every last young;Young And Warm And Wonderful by Tony Bennett.txt
Youre Making A Mistake;The Platters;lyricsyou believe prove oh might darling youre cry 're love never even also a-help untrue likeembed tell though mistake make lieyou 've help;Youre Making A Mistake by The Platters.txt
