Id;Label;Name;Size
love;love;love;3144
time;time;time;2337
way;way;way;1937
never;never;never;1807
day;day;day;1807
baby;baby;baby;1802
want;want;want;1758
feel;feel;feel;1713
good;good;good;1677
think;think;think;1618
right;right;right;1581
thing;thing;thing;1572
night;night;night;1563
give;give;give;1559
need;need;need;1509
could;could;could;1507
look;look;look;1505
life;life;life;1484
find;find;find;1477
back;back;back;1475
man;man;man;1418
away;away;away;1407
keep;keep;keep;1325
heart;heart;heart;1295
girl;girl;girl;1282
leave;leave;leave;1280
long;long;long;1238
try;try;try;1216
around;around;around;1195
mind;mind;mind;1184
would;would;would;1152
little;little;little;1134
eye;eye;eye;1131
every;every;every;1121
world;world;world;1104
hear;hear;hear;1091
hold;hold;hold;1089
hand;hand;hand;1076
home;home;home;1049
turn;turn;turn;1040
still;still;still;1021
live;live;live;1007
call;call;call;991
ever;ever;ever;977
much;much;much;956
wo;wo;wo;947
really;really;really;930
people;people;people;928
always;always;always;917
lose;lose;lose;913
play;play;play;907
run;run;run;899
walk;walk;walk;898
song;song;song;896
seem;seem;seem;893
dream;dream;dream;893
put;put;put;892
old;old;old;882
light;light;light;875
friend;friend;friend;866
hey;hey;hey;864
us;us;us;859
yes;yes;yes;845
stay;stay;stay;845
show;show;show;839
face;face;face;833
new;new;new;826
head;head;head;814
talk;talk;talk;807
stand;stand;stand;804
place;place;place;796
cry;cry;cry;794
start;start;start;787
another;another;another;780
even;even;even;776
use;use;use;771
hard;hard;hard;771
nothing;nothing;nothing;770
something;something;something;769
wait;wait;wait;761
sweet;sweet;sweet;761
believe;believe;believe;761
stop;stop;stop;744
break;break;break;742
last;last;last;739
name;name;name;738
together;together;together;734
bad;bad;bad;733
alone;alone;alone;733
high;high;high;730
mean;mean;mean;728
sing;sing;sing;727
change;change;change;726
woman;woman;woman;724
mine;mine;mine;723
two;two;two;720
word;word;word;701
please;please;please;694
end;end;end;694
true;true;true;691
everything;everything;everything;691
move;move;move;684
cause;cause;cause;683
bring;bring;bring;683
help;help;help;671
without;without;without;667
fall;fall;fall;662
care;care;care;662
boy;boy;boy;662
die;die;die;659
wrong;wrong;wrong;657
real;real;real;646
sure;sure;sure;643
ta;ta;ta;639
free;free;free;637
inside;inside;inside;634
work;work;work;633
smile;smile;smile;628
big;big;big;626
must;must;must;625
sun;sun;sun;621
best;best;best;619
blue;blue;blue;617
lie;lie;lie;610
ask;ask;ask;610
close;close;close;608
first;first;first;605
door;door;door;605
year;year;year;604
soul;soul;soul;598
tear;tear;tear;595
morning;morning;morning;593
miss;miss;miss;591
side;side;side;587
child;child;child;587
remember;remember;remember;586
listen;listen;listen;582
meet;meet;meet;572
dance;dance;dance;571
understand;understand;understand;569
touch;touch;touch;566
lord;lord;lord;566
star;star;star;562
enough;enough;enough;562
street;street;street;558
whole;whole;whole;557
kind;kind;kind;557
music;music;music;556
many;many;many;554
sound;sound;sound;552
someone;someone;someone;550
kiss;kiss;kiss;549
god;god;god;549
grow;grow;grow;547
everybody;everybody;everybody;546
young;young;young;545
far;far;far;540
feeling;feeling;feeling;539
strong;strong;strong;534
sky;sky;sky;533
watch;watch;watch;526
may;may;may;524
sit;sit;sit;523
hope;hope;hope;523
fly;fly;fly;523
part;part;part;521
money;money;money;520
fire;fire;fire;520
else;else;else;514
ah;ah;ah;514
though;though;though;511
open;open;open;507
roll;roll;roll;505
rain;rain;rain;505
arm;arm;arm;502
line;line;line;498
fine;fine;fine;496
foot;foot;foot;493
behind;behind;behind;493
lot;lot;lot;491
along;along;along;487
fool;fool;fool;486
since;since;since;485
town;town;town;484
lady;lady;lady;482
happy;happy;happy;481
game;game;game;481
forget;forget;forget;481
set;set;set;480
rock;rock;rock;474
today;today;today;473
wish;wish;wish;471
cold;cold;cold;469
lonely;lonely;lonely;465
lay;lay;lay;463
maybe;maybe;maybe;462
wonder;wonder;wonder;458
sleep;sleep;sleep;458
saw;saw;saw;458
hurt;hurt;hurt;458
begin;begin;begin;453
pretty;pretty;pretty;452
body;body;body;451
chance;chance;chance;449
pay;pay;pay;446
next;next;next;444
road;road;road;443
pain;pain;pain;441
deep;deep;deep;439
catch;catch;catch;438
late;late;late;437
tonight;tonight;tonight;436
blow;blow;blow;436
hit;hit;hit;433
brother;brother;brother;432
black;black;black;432
beat;beat;beat;431
easy;easy;easy;430
sometimes;sometimes;sometimes;428
room;room;room;428
city;city;city;428
write;write;write;426
matter;matter;matter;426
soon;soon;soon;425
ya;ya;ya;419
guess;guess;guess;419
nobody;nobody;nobody;418
drive;drive;drive;417
house;house;house;416
full;full;full;415
crazy;crazy;crazy;415
three;three;three;414
great;great;great;414
bear;bear;bear;412
honey;honey;honey;410
anything;anything;anything;407
pass;pass;pass;406
happen;happen;happen;406
dark;dark;dark;406
learn;learn;learn;401
somebody;somebody;somebody;398
reason;reason;reason;398
air;air;air;396
hot;hot;hot;392
rest;rest;rest;390
fill;fill;fill;389
throw;throw;throw;387
fight;fight;fight;386
speak;speak;speak;383
white;white;white;382
rise;rise;rise;382
reach;reach;reach;381
hour;hour;hour;381
hang;hang;hang;381
low;low;low;380
step;step;step;379
ride;ride;ride;378
mother;mother;mother;378
dead;dead;dead;376
wind;wind;wind;375
till;till;till;375
send;send;send;375
water;water;water;374
story;story;story;372
share;share;share;371
men;men;men;371
lead;lead;lead;368
laugh;laugh;laugh;368
kill;kill;kill;367
buy;buy;buy;367
forever;forever;forever;361
son;son;son;360
ring;ring;ring;359
red;red;red;358
moment;moment;moment;358
car;car;car;358
save;save;save;357
tomorrow;tomorrow;tomorrow;356
shake;shake;shake;356
hide;hide;hide;356
sad;sad;sad;355
top;top;top;354
ready;ready;ready;354
heaven;heaven;heaven;354
four;four;four;354
lyricsi;lyricsi;lyricsi;353
burn;burn;burn;353
wall;wall;wall;352
voice;voice;voice;352
land;land;land;352
lover;lover;lover;351
upon;upon;upon;348
hair;hair;hair;348
ground;ground;ground;348
dont;dont;dont;348
spend;spend;spend;347
pull;pull;pull;347
bed;bed;bed;347
past;past;past;344
pick;pick;pick;342
follow;follow;follow;340
mama;mama;mama;339
floor;floor;floor;339
wake;wake;wake;338
kid;kid;kid;338
carry;carry;carry;338
alright;alright;alright;338
thought;thought;thought;337
plan;plan;plan;337
nice;nice;nice;335
cool;cool;cool;335
win;win;win;334
party;party;party;333
wear;wear;wear;332
sign;sign;sign;332
drop;drop;drop;332
round;round;round;330
minute;minute;minute;330
fast;fast;fast;329
fun;fun;fun;328
clear;clear;clear;328
read;read;read;327
half;half;half;327
truth;truth;truth;326
felt;felt;felt;326
drink;drink;drink;326
king;king;king;325
act;act;act;325
eat;eat;eat;324
bit;bit;bit;323
im;im;im;322
become;become;become;318
near;near;near;317
moon;moon;moon;315
cut;cut;cut;315
stick;stick;stick;314
fear;fear;fear;314
different;different;different;313
summer;summer;summer;312
window;window;window;311
promise;promise;promise;311
hell;hell;hell;311
trouble;trouble;trouble;309
slow;slow;slow;309
flow;flow;flow;308
answer;answer;answer;308
yet;yet;yet;307
thank;thank;thank;307
hate;hate;hate;306
tree;tree;tree;305
number;number;number;305
whatever;whatever;whatever;303
warm;warm;warm;303
shine;shine;shine;302
memory;memory;memory;302
tight;tight;tight;301
sea;sea;sea;300
peace;peace;peace;298
second;second;second;297
straight;straight;straight;296
beautiful;beautiful;beautiful;296
worry;worry;worry;295
front;front;front;295
school;school;school;294
five;five;five;294
fade;fade;fade;294
power;power;power;293
across;across;across;293
guy;guy;guy;292
earth;earth;earth;291
piece;piece;piece;290
build;build;build;290
alive;alive;alive;290
point;point;point;289
bright;bright;bright;289
raise;raise;raise;288
living;living;living;287
blood;blood;blood;287
war;war;war;286
sight;sight;sight;286
everyone;everyone;everyone;286
damn;damn;damn;285
lip;lip;lip;284
almost;almost;almost;284
dress;dress;dress;282
small;small;small;281
hop;hop;hop;280
family;family;family;279
ago;ago;ago;279
blind;blind;blind;278
outside;outside;outside;277
father;father;father;277
goodbye;goodbye;goodbye;276
fact;fact;fact;276
bird;bird;bird;275
shoe;shoe;shoe;274
death;death;death;274
finger;finger;finger;273
ten;ten;ten;272
rather;rather;rather;272
doubt;doubt;doubt;272
uh;uh;uh;271
stone;stone;stone;271
band;band;band;270
book;book;book;269
wild;wild;wild;268
shoot;shoot;shoot;268
dog;dog;dog;268
country;country;country;268
picture;picture;picture;266
future;future;future;266
treat;treat;treat;264
already;already;already;264
bar;bar;bar;263
somewhere;somewhere;somewhere;262
smoke;smoke;smoke;262
fell;fell;fell;262
exist;exist;exist;262
sorry;sorry;sorry;261
question;question;question;261
green;green;green;261
week;week;week;260
train;train;train;260
thousand;thousand;thousand;260
case;case;case;260
poor;poor;poor;259
la;la;la;259
gun;gun;gun;259
darling;darling;darling;259
river;river;river;258
jump;jump;jump;257
knee;knee;knee;255
hundred;hundred;hundred;255
check;check;check;254
shit;shit;shit;253
sell;sell;sell;253
goin;goin;goin;253
fuck;fuck;fuck;253
waste;waste;waste;252
state;state;state;252
cloud;cloud;cloud;252
wife;wife;wife;251
knock;knock;knock;251
key;key;key;251
rich;rich;rich;250
crowd;crowd;crowd;250
cross;cross;cross;249
joy;joy;joy;248
gold;gold;gold;248
style;style;style;247
return;return;return;247
glad;glad;glad;247
count;count;count;247
short;short;short;246
kick;kick;kick;246
wine;wine;wine;245
ill;ill;ill;245
ear;ear;ear;245
business;business;business;244
whoa;whoa;whoa;243
swear;swear;swear;243
sense;sense;sense;243
quite;quite;quite;243
letter;letter;letter;243
cover;cover;cover;243
corner;corner;corner;243
sister;sister;sister;242
push;push;push;242
taste;taste;taste;241
deal;deal;deal;241
pride;pride;pride;240
mouth;mouth;mouth;240
mountain;mountain;mountain;240
control;control;control;239
search;search;search;238
pray;pray;pray;238
paper;paper;paper;238
loud;loud;loud;238
suppose;suppose;suppose;237
special;special;special;237
six;six;six;237
queen;queen;queen;237
human;human;human;237
fit;fit;fit;237
afraid;afraid;afraid;237
others;others;others;236
early;early;early;236
clean;clean;clean;236
angel;angel;angel;236
teach;teach;teach;235
space;space;space;235
wave;wave;wave;233
mile;mile;mile;233
middle;middle;middle;233
magic;magic;magic;233
rule;rule;rule;232
babe;babe;babe;232
strange;strange;strange;231
simple;simple;simple;231
mad;mad;mad;231
within;within;within;230
steal;steal;steal;230
shot;shot;shot;230
draw;draw;draw;230
bitch;bitch;bitch;230
trust;trust;trust;229
flower;flower;flower;229
everywhere;everywhere;everywhere;229
empty;empty;empty;229
track;track;track;228
tire;tire;tire;227
least;least;least;227
soft;soft;soft;226
secret;secret;secret;226
scene;scene;scene;226
dear;dear;dear;226
age;age;age;226
wide;wide;wide;225
huh;huh;huh;225
hat;hat;hat;225
ball;ball;ball;225
slip;slip;slip;224
million;million;million;224
lock;lock;lock;224
brain;brain;brain;224
single;single;single;223
record;record;record;223
less;less;less;223
bill;bill;bill;223
hill;hill;hill;222
glass;glass;glass;222
problem;problem;problem;221
order;order;order;221
funny;funny;funny;221
flame;flame;flame;221
finally;finally;finally;221
desire;desire;desire;221
beside;beside;beside;221
stuff;stuff;stuff;220
clothes;clothes;clothes;220
brown;brown;brown;220
none;none;none;219
later;later;later;218
course;course;course;218
bag;bag;bag;218
probably;probably;probably;217
perfect;perfect;perfect;217
explain;explain;explain;217
apart;apart;apart;217
yesterday;yesterday;yesterday;216
seven;seven;seven;216
belong;belong;belong;216
spirit;spirit;spirit;215
shadow;shadow;shadow;215
repeat;repeat;repeat;215
feelin;feelin;feelin;215
field;field;field;214
either;either;either;214
shoulder;shoulder;shoulder;213
seat;seat;seat;213
realize;realize;realize;213
shout;shout;shout;211
ha;ha;ha;211
force;force;force;211
cat;cat;cat;211
bone;bone;bone;211
beg;beg;beg;211
lovin;lovin;lovin;210
john;john;john;210
wheel;wheel;wheel;209
view;view;view;209
race;race;race;209
heavy;heavy;heavy;209
chain;chain;chain;209
table;table;table;208
job;job;job;208
devil;devil;devil;208
blame;blame;blame;208
person;person;person;207
pop;pop;pop;206
tie;tie;tie;205
left;left;left;205
skin;skin;skin;204
respect;respect;respect;204
pack;pack;pack;204
expect;expect;expect;204
surprise;surprise;surprise;203
phone;phone;phone;203
month;month;month;203
idea;idea;idea;203
daddy;daddy;daddy;203
proud;proud;proud;202
mark;mark;mark;202
dawn;dawn;dawn;201
whisper;whisper;whisper;200
spring;spring;spring;200
scream;scream;scream;200
notice;notice;notice;200
news;news;news;200
rap;rap;rap;199
park;park;park;199
dig;dig;dig;199
breath;breath;breath;199
sunshine;sunshine;sunshine;198
worth;worth;worth;197
mess;mess;mess;197
hall;hall;hall;197
form;form;form;197
whose;whose;whose;196
hurry;hurry;hurry;196
horse;horse;horse;196
wing;wing;wing;195
strike;strike;strike;195
safe;safe;safe;195
present;present;present;195
talkin;talkin;talkin;194
rid;rid;rid;194
note;note;note;194
join;join;join;194
anyone;anyone;anyone;194
ahead;ahead;ahead;194
shame;shame;shame;193
golden;golden;golden;193
figure;figure;figure;193
appear;appear;appear;193
price;price;price;192
folk;folk;folk;192
woo;woo;woo;191
tryin;tryin;tryin;191
mistake;mistake;mistake;191
law;law;law;191
dirty;dirty;dirty;191
company;company;company;191
climb;climb;climb;191
tune;tune;tune;190
shut;shut;shut;190
lookin;lookin;lookin;190
leg;leg;leg;190
fair;fair;fair;190
bridge;bridge;bridge;190
bet;bet;bet;190
bell;bell;bell;190
west;west;west;189
stage;stage;stage;189
silver;silver;silver;189
remain;remain;remain;189
quiet;quiet;quiet;189
instead;instead;instead;189
finish;finish;finish;189
action;action;action;189
weak;weak;weak;188
suddenly;suddenly;suddenly;188
stranger;stranger;stranger;188
spot;spot;spot;188
radio;radio;radio;188
mr.;mr.;mr.;188
double;double;double;188
comin;comin;comin;188
box;box;box;188
add;add;add;188
nose;nose;nose;187
master;master;master;187
food;food;food;187
winter;winter;winter;186
silence;silence;silence;186
shin;shin;shin;186
nowhere;nowhere;nowhere;186
couple;couple;couple;186
chorus;chorus;chorus;186
broken;broken;broken;186
brand;brand;brand;186
spread;spread;spread;185
somehow;somehow;somehow;185
sick;sick;sick;185
lift;lift;lift;185
doin;doin;doin;185
certain;certain;certain;185
quick;quick;quick;184
prove;prove;prove;184
midnight;midnight;midnight;184
faith;faith;faith;184
date;date;date;184
able;able;able;184
pour;pour;pour;183
marry;marry;marry;183
heat;heat;heat;183
dry;dry;dry;183
choose;choose;choose;183
wash;wash;wash;182
trip;trip;trip;182
lean;lean;lean;182
twice;twice;twice;181
travel;travel;travel;181
pocket;pocket;pocket;181
fix;fix;fix;181
strength;strength;strength;180
shall;shall;shall;180
nothin;nothin;nothin;180
judge;judge;judge;180
fat;fat;fat;180
evening;evening;evening;180
beyond;beyond;beyond;180
slowly;slowly;slowly;179
scar;scar;scar;179
okay;okay;okay;179
ocean;ocean;ocean;179
fresh;fresh;fresh;179
freedom;freedom;freedom;179
decide;decide;decide;179
daughter;daughter;daughter;179
breathe;breathe;breathe;179
press;press;press;178
wood;wood;wood;177
south;south;south;177
offer;offer;offer;177
happiness;happiness;happiness;177
direction;direction;direction;177
whether;whether;whether;176
doctor;doctor;doctor;176
settle;settle;settle;175
often;often;often;175
diamond;diamond;diamond;175
cup;cup;cup;175
anybody;anybody;anybody;175
storm;storm;storm;174
plain;plain;plain;174
loose;loose;loose;174
hole;hole;hole;174
hello;hello;hello;174
gettin;gettin;gettin;174
darkness;darkness;darkness;174
chase;chase;chase;174
cant;cant;cant;174
anymore;anymore;anymore;174
among;among;among;174
sir;sir;sir;173
page;page;page;173
natural;natural;natural;173
large;large;large;173
evil;evil;evil;173
club;club;club;173
bottom;bottom;bottom;173
block;block;block;173
welcome;welcome;welcome;172
heard;heard;heard;172
bottle;bottle;bottle;172
youre;youre;youre;171
smell;smell;smell;171
serve;serve;serve;171
message;message;message;171
fancy;fancy;fancy;171
store;store;store;170
chair;chair;chair;170
type;type;type;169
paint;paint;paint;169
nature;nature;nature;169
battle;battle;battle;169
situation;situation;situation;168
pleasure;pleasure;pleasure;168
nine;nine;nine;168
jesus;jesus;jesus;168
holy;holy;holy;168
enter;enter;enter;168
dollar;dollar;dollar;168
claim;claim;claim;168
tender;tender;tender;167
tall;tall;tall;167
remind;remind;remind;167
luck;luck;luck;167
joke;joke;joke;167
cast;cast;cast;167
rush;rush;rush;166
longer;longer;longer;165
indeed;indeed;indeed;165
hip;hip;hip;165
circle;circle;circle;165
bless;bless;bless;165
art;art;art;165
yellow;yellow;yellow;164
station;station;station;164
sort;sort;sort;164
ship;ship;ship;164
ice;ice;ice;164
de;de;de;164
church;church;church;164
rhyme;rhyme;rhyme;163
excuse;excuse;excuse;163
enjoy;enjoy;enjoy;163
eight;eight;eight;163
common;common;common;163
wrap;wrap;wrap;162
fail;fail;fail;162
escape;escape;escape;162
bind;bind;bind;162
american;american;american;162
thanks;thanks;thanks;161
noise;noise;noise;161
lovely;lovely;lovely;161
beauty;beauty;beauty;161
history;history;history;160
hero;hero;hero;160
ease;ease;ease;160
twenty;twenty;twenty;159
sand;sand;sand;159
pretend;pretend;pretend;159
neck;neck;neck;159
main;main;main;159
color;color;color;159
bite;bite;bite;159
allow;allow;allow;159
yo;yo;yo;158
x;x;x;158
third;third;third;158
satisfy;satisfy;satisfy;158
grave;grave;grave;158
due;due;due;158
continue;continue;continue;158
wonderful;wonderful;wonderful;157
sunday;sunday;sunday;157
suit;suit;suit;157
sorrow;sorrow;sorrow;157
sail;sail;sail;157
public;public;public;157
pas;pas;pas;157
garden;garden;garden;157
class;class;class;157
york;york;york;156
motion;motion;motion;156
lucky;lucky;lucky;156
grand;grand;grand;156
exactly;exactly;exactly;156
card;card;card;156
anyway;anyway;anyway;156
swing;swing;swing;155
snow;snow;snow;155
loving;loving;loving;155
grab;grab;grab;155
glory;glory;glory;155
charge;charge;charge;155
attention;attention;attention;155
weight;weight;weight;154
tongue;tongue;tongue;154
surely;surely;surely;154
spell;spell;spell;154
seek;seek;seek;154
ruin;ruin;ruin;154
north;north;north;154
jack;jack;jack;154
drag;drag;drag;154
disappear;disappear;disappear;154
cost;cost;cost;154
choice;choice;choice;154
sex;sex;sex;153
prayer;prayer;prayer;153
nigga;nigga;nigga;153
likei;likei;likei;153
forward;forward;forward;153
load;load;load;152
court;court;court;152
silent;silent;silent;151
nation;nation;nation;151
gate;gate;gate;151
aside;aside;aside;151
whenever;whenever;whenever;150
weather;weather;weather;150
shock;shock;shock;150
receive;receive;receive;150
crime;crime;crime;150
crack;crack;crack;150
bank;bank;bank;150
vision;vision;vision;149
trick;trick;trick;149
test;test;test;149
sin;sin;sin;149
rough;rough;rough;149
possible;possible;possible;149
perhaps;perhaps;perhaps;149
mention;mention;mention;149
hook;hook;hook;149
handle;handle;handle;149
fate;fate;fate;149
dare;dare;dare;149
bow;bow;bow;149
thats;thats;thats;148
simply;simply;simply;148
mirror;mirror;mirror;148
east;east;east;148
distance;distance;distance;148
cash;cash;cash;148
board;board;board;148
suffer;suffer;suffer;147
sink;sink;sink;147
shape;shape;shape;147
shade;shade;shade;147
pure;pure;pure;147
mercy;mercy;mercy;147
imagine;imagine;imagine;147
gather;gather;gather;147
dust;dust;dust;147
bend;bend;bend;147
season;season;season;146
release;release;release;146
path;path;path;146
movie;movie;movie;146
mmm;mmm;mmm;146
machine;machine;machine;146
list;list;list;146
fee;fee;fee;146
effect;effect;effect;146
admit;admit;admit;146
youth;youth;youth;145
survive;survive;survive;145
rhythm;rhythm;rhythm;145
murder;murder;murder;145
march;march;march;145
ho;ho;ho;145
flash;flash;flash;145
edge;edge;edge;145
agree;agree;agree;145
soldier;soldier;soldier;144
purpose;purpose;purpose;144
pair;pair;pair;144
ought;ought;ought;144
leaf;leaf;leaf;144
grace;grace;grace;144
general;general;general;144
except;except;except;144
emotion;emotion;emotion;144
danger;danger;danger;144
truly;truly;truly;143
meaning;meaning;meaning;143
flight;flight;flight;143
enemy;enemy;enemy;143
whip;whip;whip;142
sweat;sweat;sweat;142
struggle;struggle;struggle;142
spin;spin;spin;142
gentleman;gentleman;gentleman;142
fame;fame;fame;142
express;express;express;142
beneath;beneath;beneath;142
wet;wet;wet;141
stretch;stretch;stretch;141
sigh;sigh;sigh;141
row;row;row;141
jam;jam;jam;141
however;however;however;141
forgive;forgive;forgive;141
concern;concern;concern;141
coat;coat;coat;141
better;better;better;141
although;although;although;141
wipe;wipe;wipe;140
slide;slide;slide;140
refuse;refuse;refuse;140
livin;livin;livin;140
james;james;james;140
final;final;final;140
everyday;everyday;everyday;140
delight;delight;delight;140
create;create;create;140
cook;cook;cook;140
bore;bore;bore;140
animal;animal;animal;140
reality;reality;reality;139
image;image;image;139
difference;difference;difference;139
crown;crown;crown;139
clock;clock;clock;139
chest;chest;chest;139
bound;bound;bound;139
wise;wise;wise;138
string;string;string;138
shirt;shirt;shirt;138
owe;owe;owe;138
movement;movement;movement;138
--;--;--;138
toe;toe;toe;137
thinkin;thinkin;thinkin;137
suck;suck;suck;137
stupid;stupid;stupid;137
position;position;position;137
mass;mass;mass;137
guitar;guitar;guitar;137
groove;groove;groove;137
glow;glow;glow;137
breeze;breeze;breeze;137
anywhere;anywhere;anywhere;137
america;america;america;137
afternoon;afternoon;afternoon;137
surround;surround;surround;136
sugar;sugar;sugar;136
sake;sake;sake;136
joe;joe;joe;136
hungry;hungry;hungry;136
forth;forth;forth;136
fish;fish;fish;136
fault;fault;fault;136
consider;consider;consider;136
chill;chill;chill;136
burst;burst;burst;136
base;base;base;136
accept;accept;accept;136
self;self;self;135
roof;roof;roof;135
personal;personal;personal;135
island;island;island;135
iron;iron;iron;135
hardly;hardly;hardly;135
flat;flat;flat;135
throat;throat;throat;134
someday;someday;someday;134
prince;prince;prince;134
police;police;police;134
pen;pen;pen;134
nearly;nearly;nearly;134
misery;misery;misery;134
mary;mary;mary;134
level;level;level;134
beach;beach;beach;134
address;address;address;134
verse;verse;verse;133
trap;trap;trap;133
tired;tired;tired;133
thin;thin;thin;133
quarter;quarter;quarter;133
match;match;match;133
lack;lack;lack;133
interest;interest;interest;133
grass;grass;grass;133
gentle;gentle;gentle;133
fortune;fortune;fortune;133
discover;discover;discover;133
busy;busy;busy;133
towards;towards;towards;132
tip;tip;tip;132
thrill;thrill;thrill;132
teeth;teeth;teeth;132
society;society;society;132
smart;smart;smart;132
size;size;size;132
office;office;office;132
lyricsyou;lyricsyou;lyricsyou;132
hotel;hotel;hotel;132
honest;honest;honest;132
guard;guard;guard;132
gift;gift;gift;132
gas;gas;gas;132
french;french;french;132
especially;especially;especially;132
drug;drug;drug;132
deserve;deserve;deserve;132
compare;compare;compare;132
bother;bother;bother;132
awake;awake;awake;132
aint;aint;aint;132
actually;actually;actually;132
account;account;account;132
..;..;..;132
tough;tough;tough;131
terrible;terrible;terrible;131
squeeze;squeeze;squeeze;131
kinda;kinda;kinda;131
group;group;group;131
ghost;ghost;ghost;131
gain;gain;gain;131
fellow;fellow;fellow;131
conversation;conversation;conversation;131
bread;bread;bread;131
approach;approach;approach;131
visit;visit;visit;130
th;th;th;130
sudden;sudden;sudden;130
remove;remove;remove;130
private;private;private;130
passion;passion;passion;130
mighty;mighty;mighty;130
fan;fan;fan;130
clap;clap;clap;130
calm;calm;calm;130
beginning;beginning;beginning;130
aim;aim;aim;130
thinking;thinking;thinking;129
square;square;square;129
shop;shop;shop;129
service;service;service;129
prison;prison;prison;129
language;language;language;129
important;important;important;129
highway;highway;highway;129
echo;echo;echo;129
drown;drown;drown;129
da;da;da;129
boat;boat;boat;129
bare;bare;bare;129
attack;attack;attack;129
arrive;arrive;arrive;129
witness;witness;witness;128
twist;twist;twist;128
tone;tone;tone;128
study;study;study;128
lane;lane;lane;128
dad;dad;dad;128
cheek;cheek;cheek;128
twelve;twelve;twelve;127
stream;stream;stream;127
softly;softly;softly;127
regret;regret;regret;127
impossible;impossible;impossible;127
famous;famous;famous;127
thick;thick;thick;126
swallow;swallow;swallow;126
strip;strip;strip;126
spit;spit;spit;126
speed;speed;speed;126
prepare;prepare;prepare;126
post;post;post;126
manner;manner;manner;126
jean;jean;jean;126
hood;hood;hood;126
feature;feature;feature;126
familiar;familiar;familiar;126
complete;complete;complete;126
charm;charm;charm;126
system;system;system;125
ii;ii;ii;125
funky;funky;funky;125
em;em;em;125
completely;completely;completely;125
command;command;command;125
artist;artist;artist;125
several;several;several;124
saint;saint;saint;124
proof;proof;proof;124
project;project;project;124
pink;pink;pink;124
parent;parent;parent;124
neither;neither;neither;124
laughter;laughter;laughter;124
example;example;example;124
event;event;event;124
depend;depend;depend;124
cap;cap;cap;124
building;building;building;124
boot;boot;boot;124
angry;angry;angry;124
affair;affair;affair;124
subject;subject;subject;123
steel;steel;steel;123
stare;stare;stare;123
sport;sport;sport;123
serious;serious;serious;123
seed;seed;seed;123
quit;quit;quit;123
pound;pound;pound;123
plane;plane;plane;123
duty;duty;duty;123
wit;wit;wit;122
wander;wander;wander;122
unless;unless;unless;122
measure;measure;measure;122
loss;loss;loss;122
husband;husband;husband;122
fifty;fifty;fifty;122
easily;easily;easily;122
value;value;value;121
ticket;ticket;ticket;121
speech;speech;speech;121
shift;shift;shift;121
member;member;member;121
guide;guide;guide;121
friday;friday;friday;121
drunk;drunk;drunk;121
daily;daily;daily;121
bury;bury;bury;121
bleed;bleed;bleed;121
wound;wound;wound;120
trace;trace;trace;120
smooth;smooth;smooth;120
slave;slave;slave;120
romance;romance;romance;120
plate;plate;plate;120
plant;plant;plant;120
pant;pant;pant;120
outta;outta;outta;120
habit;habit;habit;120
dick;dick;dick;120
crash;crash;crash;120
chief;chief;chief;120
bust;bust;bust;120
army;army;army;120
tom;tom;tom;119
recall;recall;recall;119
quickly;quickly;quickly;119
miracle;miracle;miracle;119
ive;ive;ive;119
gray;gray;gray;119
experience;experience;experience;119
english;english;english;119
dumb;dumb;dumb;119
dinner;dinner;dinner;119
comfort;comfort;comfort;119
certainly;certainly;certainly;119
careful;careful;careful;119
bomb;bomb;bomb;119
toss;toss;toss;118
sharp;sharp;sharp;118
screen;screen;screen;118
runnin;runnin;runnin;118
presence;presence;presence;118
pace;pace;pace;118
gang;gang;gang;118
condition;condition;condition;118
clown;clown;clown;118
bullet;bullet;bullet;118
beer;beer;beer;118
beast;beast;beast;118
attempt;attempt;attempt;118
reply;reply;reply;117
mask;mask;mask;117
glance;glance;glance;117
degree;degree;degree;117
crawl;crawl;crawl;117
captain;captain;captain;117
b;b;b;117
youembed;youembed;youembed;116
wherever;wherever;wherever;116
shore;shore;shore;116
religion;religion;religion;116
ray;ray;ray;116
paradise;paradise;paradise;116
pale;pale;pale;116
object;object;object;116
mood;mood;mood;116
mom;mom;mom;116
include;include;include;116
creep;creep;creep;116
cheap;cheap;cheap;116
breast;breast;breast;116
bitter;bitter;bitter;116
weep;weep;weep;115
result;result;result;115
rare;rare;rare;115
opposite;opposite;opposite;115
knife;knife;knife;115
former;former;former;115
feed;feed;feed;115
fashion;fashion;fashion;115
desert;desert;desert;115
deny;deny;deny;115
broad;broad;broad;115
afford;afford;afford;115
van;van;van;114
spare;spare;spare;114
sheet;sheet;sheet;114
root;root;root;114
rip;rip;rip;114
protect;protect;protect;114
proper;proper;proper;114
pool;pool;pool;114
pity;pity;pity;114
modern;modern;modern;114
mix;mix;mix;114
fake;fake;fake;114
crew;crew;crew;114
credit;credit;credit;114
creature;creature;creature;114
complain;complain;complain;114
asleep;asleep;asleep;114
accord;accord;accord;114
willing;willing;willing;113
steady;steady;steady;113
split;split;split;113
separate;separate;separate;113
rob;rob;rob;113
report;report;report;113
player;player;player;113
mystery;mystery;mystery;113
meat;meat;meat;113
heel;heel;heel;113
health;health;health;113
fruit;fruit;fruit;113
embrace;embrace;embrace;113
drift;drift;drift;113
demand;demand;demand;113
cop;cop;cop;113
character;character;character;113
bout;bout;bout;113
telephone;telephone;telephone;112
pause;pause;pause;112
major;major;major;112
length;length;length;112
leader;leader;leader;112
issue;issue;issue;112
birth;birth;birth;112
besides;besides;besides;112
ashamed;ashamed;ashamed;112
advance;advance;advance;112
plus;plus;plus;111
manage;manage;manage;111
makin;makin;makin;111
handsome;handsome;handsome;111
guilty;guilty;guilty;111
grey;grey;grey;111
gaze;gaze;gaze;111
frame;frame;frame;111
attend;attend;attend;111
tv;tv;tv;110
rub;rub;rub;110
provide;provide;provide;110
plenty;plenty;plenty;110
nail;nail;nail;110
moonlight;moonlight;moonlight;110
milk;milk;milk;110
london;london;london;110
link;link;link;110
lesson;lesson;lesson;110
grant;grant;grant;110
flesh;flesh;flesh;110
effort;effort;effort;110
blast;blast;blast;110
bang;bang;bang;110
advice;advice;advice;110
youyou;youyou;youyou;109
wont;wont;wont;109
thunder;thunder;thunder;109
team;team;team;109
reveal;reveal;reveal;109
produce;produce;produce;109
nervous;nervous;nervous;109
huge;huge;huge;109
haunt;haunt;haunt;109
forty;forty;forty;109
drum;drum;drum;109
destroy;destroy;destroy;109
cure;cure;cure;109
cheat;cheat;cheat;109
ugly;ugly;ugly;108
tower;tower;tower;108
title;title;title;108
tail;tail;tail;108
suggest;suggest;suggest;108
spark;spark;spark;108
saturday;saturday;saturday;108
regard;regard;regard;108
particular;particular;particular;108
lick;lick;lick;108
harm;harm;harm;108
george;george;george;108
foreign;foreign;foreign;108
foolish;foolish;foolish;108
divine;divine;divine;108
distant;distant;distant;108
cream;cream;cream;108
collect;collect;collect;108
coast;coast;coast;108
cheer;cheer;cheer;108
california;california;california;108
boys;boys;boys;108
trade;trade;trade;107
thus;thus;thus;107
tale;tale;tale;107
switch;switch;switch;107
swim;swim;swim;107
somethin;somethin;somethin;107
seal;seal;seal;107
reflect;reflect;reflect;107
rainbow;rainbow;rainbow;107
opinion;opinion;opinion;107
necessary;necessary;necessary;107
monster;monster;monster;107
melt;melt;melt;107
lazy;lazy;lazy;107
jones;jones;jones;107
insane;insane;insane;107
height;height;height;107
float;float;float;107
snap;snap;snap;106
sam;sam;sam;106
metal;metal;metal;106
e;e;e;106
cruel;cruel;cruel;106
bay;bay;bay;106
tide;tide;tide;105
pot;pot;pot;105
palm;palm;palm;105
limit;limit;limit;105
lately;lately;lately;105
influence;influence;influence;105
immediately;immediately;immediately;105
fever;fever;fever;105
equal;equal;equal;105
confusion;confusion;confusion;105
buck;buck;buck;105
various;various;various;104
term;term;term;104
success;success;success;104
require;require;require;104
rage;rage;rage;104
print;print;print;104
knowledge;knowledge;knowledge;104
friendly;friendly;friendly;104
energy;energy;energy;104
dozen;dozen;dozen;104
choke;choke;choke;104
cease;cease;cease;104
burning;burning;burning;104
bunch;bunch;bunch;104
boogie;boogie;boogie;104
bee;bee;bee;104
....;....;....;104
sword;sword;sword;103
relax;relax;relax;103
reflection;reflection;reflection;103
rag;rag;rag;103
president;president;president;103
precious;precious;precious;103
ow;ow;ow;103
occur;occur;occur;103
michael;michael;michael;103
invite;invite;invite;103
hollow;hollow;hollow;103
fully;fully;fully;103
fold;fold;fold;103
favorite;favorite;favorite;103
duck;duck;duck;103
declare;declare;declare;103
confuse;confuse;confuse;103
christmas;christmas;christmas;103
bold;bold;bold;103
usual;usual;usual;102
stomach;stomach;stomach;102
stock;stock;stock;102
signal;signal;signal;102
satisfaction;satisfaction;satisfaction;102
risk;risk;risk;102
rat;rat;rat;102
passage;passage;passage;102
paris;paris;paris;102
naked;naked;naked;102
lil;lil;lil;102
l;l;l;102
innocent;innocent;innocent;102
generation;generation;generation;102
expression;expression;expression;102
dim;dim;dim;102
content;content;content;102
commit;commit;commit;102
christian;christian;christian;102
castle;castle;castle;102
candle;candle;candle;102
cake;cake;cake;102
belly;belly;belly;102
aware;aware;aware;102
apple;apple;apple;102
warn;warn;warn;101
victim;victim;victim;101
total;total;total;101
theme;theme;theme;101
sweep;sweep;sweep;101
sum;sum;sum;101
shy;shy;shy;101
practice;practice;practice;101
poison;poison;poison;101
original;original;original;101
nerve;nerve;nerve;101
n;n;n;101
meeting;meeting;meeting;101
le;le;le;101
kitchen;kitchen;kitchen;101
gently;gently;gently;101
faint;faint;faint;101
electric;electric;electric;101
eagle;eagle;eagle;101
destiny;destiny;destiny;101
design;design;design;101
curse;curse;curse;101
crush;crush;crush;101
barely;barely;barely;101
ancient;ancient;ancient;101
weary;weary;weary;100
walkin;walkin;walkin;100
unknown;unknown;unknown;100
tremble;tremble;tremble;100
teacher;teacher;teacher;100
shed;shed;shed;100
range;range;range;100
pipe;pipe;pipe;100
pill;pill;pill;100
pardon;pardon;pardon;100
male;male;male;100
ignore;ignore;ignore;100
goal;goal;goal;100
flip;flip;flip;100
false;false;false;100
dude;dude;dude;100
coffee;coffee;coffee;100
christ;christ;christ;100
apply;apply;apply;100
weed;weed;weed;99
weapon;weapon;weapon;99
uncle;uncle;uncle;99
tea;tea;tea;99
support;support;support;99
stumble;stumble;stumble;99
scale;scale;scale;99
royal;royal;royal;99
rose;rose;rose;99
period;period;period;99
perform;perform;perform;99
nod;nod;nod;99
national;national;national;99
marriage;marriage;marriage;99
leap;leap;leap;99
lake;lake;lake;99
hunt;hunt;hunt;99
host;host;host;99
horn;horn;horn;99
freak;freak;freak;99
frank;frank;frank;99
focus;focus;focus;99
entire;entire;entire;99
difficult;difficult;difficult;99
demon;demon;demon;99
deliver;deliver;deliver;99
confess;confess;confess;99
college;college;college;99
closer;closer;closer;99
chamber;chamber;chamber;99
ash;ash;ash;99
amaze;amaze;amaze;99
tap;tap;tap;98
silk;silk;silk;98
scratch;scratch;scratch;98
pump;pump;pump;98
praise;praise;praise;98
patient;patient;patient;98
lightning;lightning;lightning;98
justice;justice;justice;98
gay;gay;gay;98
correct;correct;correct;98
capital;capital;capital;98
branch;branch;branch;98
boom;boom;boom;98
belt;belt;belt;98
avoid;avoid;avoid;98
alarm;alarm;alarm;98
waitin;waitin;waitin;97
understanding;understanding;understanding;97
student;student;student;97
strain;strain;strain;97
stir;stir;stir;97
sock;sock;sock;97
resist;resist;resist;97
punch;punch;punch;97
lend;lend;lend;97
indian;indian;indian;97
government;government;government;97
fifteen;fifteen;fifteen;97
female;female;female;97
farm;farm;farm;97
exchange;exchange;exchange;97
eleven;eleven;eleven;97
county;county;county;97
contain;contain;contain;97
citizen;citizen;citizen;97
cigarette;cigarette;cigarette;97
blaze;blaze;blaze;97
beam;beam;beam;97
arrest;arrest;arrest;97
whistle;whistle;whistle;96
tiny;tiny;tiny;96
thee;thee;thee;96
relation;relation;relation;96
raw;raw;raw;96
pressure;pressure;pressure;96
possibly;possibly;possibly;96
paul;paul;paul;96
mount;mount;mount;96
involve;involve;involve;96
instant;instant;instant;96
information;information;information;96
glove;glove;glove;96
g;g;g;96
flag;flag;flag;96
extra;extra;extra;96
egg;egg;egg;96
decision;decision;decision;96
celebrate;celebrate;celebrate;96
wow;wow;wow;95
thirty;thirty;thirty;95
rope;rope;rope;95
roar;roar;roar;95
rate;rate;rate;95
lifetime;lifetime;lifetime;95
liberty;liberty;liberty;95
intend;intend;intend;95
dangerous;dangerous;dangerous;95
century;century;century;95
career;career;career;95
bus;bus;bus;95
absolutely;absolutely;absolutely;95
slight;slight;slight;94
sentence;sentence;sentence;94
score;score;score;94
scheme;scheme;scheme;94
powerful;powerful;powerful;94
pillow;pillow;pillow;94
occasion;occasion;occasion;94
league;league;league;94
lace;lace;lace;94
harmony;harmony;harmony;94
code;code;code;94
clearly;clearly;clearly;94
circumstance;circumstance;circumstance;94
breakfast;breakfast;breakfast;94
valley;valley;valley;93
usually;usually;usually;93
treasure;treasure;treasure;93
spanish;spanish;spanish;93
social;social;social;93
snake;snake;snake;93
sip;sip;sip;93
silly;silly;silly;93
shower;shower;shower;93
science;science;science;93
rent;rent;rent;93
ordinary;ordinary;ordinary;93
oil;oil;oil;93
mister;mister;mister;93
mere;mere;mere;93
melody;melody;melody;93
guest;guest;guest;93
exercise;exercise;exercise;93
dime;dime;dime;93
bull;bull;bull;93
bobby;bobby;bobby;93
yard;yard;yard;92
weird;weird;weird;92
virtue;virtue;virtue;92
thumb;thumb;thumb;92
therefore;therefore;therefore;92
terror;terror;terror;92
swell;swell;swell;92
standing;standing;standing;92
smith;smith;smith;92
rank;rank;rank;92
planet;planet;planet;92
pile;pile;pile;92
normal;normal;normal;92
native;native;native;92
moral;moral;moral;92
introduce;introduce;introduce;92
hail;hail;hail;92
fist;fist;fist;92
display;display;display;92
direct;direct;direct;92
dancin;dancin;dancin;92
colour;colour;colour;92
cock;cock;cock;92
bob;bob;bob;92
bloom;bloom;bloom;92
avenue;avenue;avenue;92
anger;anger;anger;92
wire;wire;wire;91
vain;vain;vain;91
upper;upper;upper;91
throughout;throughout;throughout;91
stamp;stamp;stamp;91
shell;shell;shell;91
rapper;rapper;rapper;91
possess;possess;possess;91
physical;physical;physical;91
papa;papa;papa;91
leather;leather;leather;91
knight;knight;knight;91
jimmy;jimmy;jimmy;91
hunger;hunger;hunger;91
hug;hug;hug;91
got;got;got;91
giant;giant;giant;91
forest;forest;forest;91
fifth;fifth;fifth;91
expose;expose;expose;91
david;david;david;91
curtain;curtain;curtain;91
copy;copy;copy;91
carefully;carefully;carefully;91
butt;butt;butt;91
brave;brave;brave;91
bowl;bowl;bowl;91
borrow;borrow;borrow;91
beard;beard;beard;91
balance;balance;balance;91
assume;assume;assume;91
weigh;weigh;weigh;90
urge;urge;urge;90
tumble;tumble;tumble;90
sale;sale;sale;90
sacrifice;sacrifice;sacrifice;90
rescue;rescue;rescue;90
proceed;proceed;proceed;90
priest;priest;priest;90
observe;observe;observe;90
likely;likely;likely;90
legend;legend;legend;90
imagination;imagination;imagination;90
grip;grip;grip;90
disease;disease;disease;90
damage;damage;damage;90
charles;charles;charles;90
born;born;born;90
awful;awful;awful;90
area;area;area;90
appeal;appeal;appeal;90
amount;amount;amount;90
tour;tour;tour;89
swift;swift;swift;89
sunny;sunny;sunny;89
stair;stair;stair;89
stain;stain;stain;89
sixteen;sixteen;sixteen;89
sacred;sacred;sacred;89
remark;remark;remark;89
relate;relate;relate;89
purple;purple;purple;89
prefer;prefer;prefer;89
pig;pig;pig;89
perfectly;perfectly;perfectly;89
penny;penny;penny;89
noble;noble;noble;89
needle;needle;needle;89
narrow;narrow;narrow;89
movin;movin;movin;89
lion;lion;lion;89
lee;lee;lee;89
dirt;dirt;dirt;89
defeat;defeat;defeat;89
curious;curious;curious;89
creation;creation;creation;89
courage;courage;courage;89
challenge;challenge;challenge;89
button;button;button;89
behold;behold;behold;89
wisdom;wisdom;wisdom;88
universe;universe;universe;88
super;super;super;88
stroke;stroke;stroke;88
spite;spite;spite;88
spill;spill;spill;88
sleeve;sleeve;sleeve;88
slap;slap;slap;88
represent;represent;represent;88
property;property;property;88
prize;prize;prize;88
pat;pat;pat;88
officer;officer;officer;88
journey;journey;journey;88
horror;horror;horror;88
hoo;hoo;hoo;88
frown;frown;frown;88
engage;engage;engage;88
eh;eh;eh;88
deeply;deeply;deeply;88
chicken;chicken;chicken;88
brush;brush;brush;88
beef;beef;beef;88
attitude;attitude;attitude;88
admire;admire;admire;88
yell;yell;yell;87
virgin;virgin;virgin;87
union;union;union;87
surrender;surrender;surrender;87
skip;skip;skip;87
shelter;shelter;shelter;87
sensation;sensation;sensation;87
seize;seize;seize;87
san;san;san;87
request;request;request;87
quietly;quietly;quietly;87
pitch;pitch;pitch;87
piano;piano;piano;87
onto;onto;onto;87
id;id;id;87
hum;hum;hum;87
hi;hi;hi;87
hesitate;hesitate;hesitate;87
grind;grind;grind;87
grin;grin;grin;87
freeze;freeze;freeze;87
farmer;farmer;farmer;87
extreme;extreme;extreme;87
excite;excite;excite;87
contract;contract;contract;87
c;c;c;87
bloody;bloody;bloody;87
bent;bent;bent;87
aid;aid;aid;87
writer;writer;writer;86
wrist;wrist;wrist;86
wreck;wreck;wreck;86
walking;walking;walking;86
village;village;village;86
version;version;version;86
vein;vein;vein;86
trail;trail;trail;86
toy;toy;toy;86
tellin;tellin;tellin;86
takin;takin;takin;86
soil;soil;soil;86
pie;pie;pie;86
otherwise;otherwise;otherwise;86
interesting;interesting;interesting;86
inch;inch;inch;86
england;england;england;86
describe;describe;describe;86
depth;depth;depth;86
clay;clay;clay;86
cell;cell;cell;86
capture;capture;capture;86
butter;butter;butter;86
brief;brief;brief;86
barrel;barrel;barrel;86
advantage;advantage;advantage;86
trunk;trunk;trunk;85
salt;salt;salt;85
sadness;sadness;sadness;85
rude;rude;rude;85
regular;regular;regular;85
rear;rear;rear;85
prisoner;prisoner;prisoner;85
performance;performance;performance;85
partner;partner;partner;85
oooh;oooh;oooh;85
nut;nut;nut;85
nurse;nurse;nurse;85
notion;notion;notion;85
naturally;naturally;naturally;85
mission;mission;mission;85
mar;mar;mar;85
local;local;local;85
grief;grief;grief;85
extend;extend;extend;85
evidence;evidence;evidence;85
cough;cough;cough;85
classic;classic;classic;85
chick;chick;chick;85
buddy;buddy;buddy;85
assure;assure;assure;85
wink;wink;wink;84
vow;vow;vow;84
twin;twin;twin;84
truck;truck;truck;84
statement;statement;statement;84
sooner;sooner;sooner;84
skirt;skirt;skirt;84
satisfied;satisfied;satisfied;84
popular;popular;popular;84
pin;pin;pin;84
orange;orange;orange;84
meal;meal;meal;84
material;material;material;84
madness;madness;madness;84
jail;jail;jail;84
impression;impression;impression;84
illusion;illusion;illusion;84
france;france;france;84
eternity;eternity;eternity;84
entrance;entrance;entrance;84
curl;curl;curl;84
criminal;criminal;criminal;84
cow;cow;cow;84
conceal;conceal;conceal;84
chin;chin;chin;84
channel;channel;channel;84
bath;bath;bath;84
affect;affect;affect;84
wicked;wicked;wicked;83
violence;violence;violence;83
vast;vast;vast;83
united;united;united;83
tend;tend;tend;83
somewhat;somewhat;somewhat;83
sneak;sneak;sneak;83
skill;skill;skill;83
singing;singing;singing;83
savage;savage;savage;83
product;product;product;83
plead;plead;plead;83
playin;playin;playin;83
pit;pit;pit;83
pearl;pearl;pearl;83
opportunity;opportunity;opportunity;83
killer;killer;killer;83
jungle;jungle;jungle;83
increase;increase;increase;83
humble;humble;humble;83
hammer;hammer;hammer;83
file;file;file;83
endless;endless;endless;83
doom;doom;doom;83
couch;couch;couch;83
consequence;consequence;consequence;83
bos;bos;bos;83
billy;billy;billy;83
youve;youve;youve;82
throne;throne;throne;82
sunlight;sunlight;sunlight;82
sour;sour;sour;82
snatch;snatch;snatch;82
seriously;seriously;seriously;82
secure;secure;secure;82
rider;rider;rider;82
model;model;model;82
mode;mode;mode;82
method;method;method;82
limb;limb;limb;82
legal;legal;legal;82
lamp;lamp;lamp;82
johnny;johnny;johnny;82
instance;instance;instance;82
guarantee;guarantee;guarantee;82
fond;fond;fond;82
existence;existence;existence;82
divide;divide;divide;82
cousin;cousin;cousin;82
connect;connect;connect;82
central;central;central;82
bench;bench;bench;82
authority;authority;authority;82
accident;accident;accident;82
unable;unable;unable;81
tryna;tryna;tryna;81
trial;trial;trial;81
thief;thief;thief;81
theres;theres;theres;81
stress;stress;stress;81
strap;strap;strap;81
stack;stack;stack;81
screw;screw;screw;81
recover;recover;recover;81
quality;quality;quality;81
poetry;poetry;poetry;81
poet;poet;poet;81
mortal;mortal;mortal;81
monday;monday;monday;81
kneel;kneel;kneel;81
i.;i.;i.;81
fourth;fourth;fourth;81
eve;eve;eve;81
europe;europe;europe;81
dull;dull;dull;81
dish;dish;dish;81
dip;dip;dip;81
dan;dan;dan;81
camp;camp;camp;81
brick;brick;brick;81
bedroom;bedroom;bedroom;81
bass;bass;bass;81
audience;audience;audience;81
article;article;article;81
ye;ye;ye;80
whoever;whoever;whoever;80
upset;upset;upset;80
threaten;threaten;threaten;80
text;text;text;80
sway;sway;sway;80
sober;sober;sober;80
sittin;sittin;sittin;80
series;series;series;80
scatter;scatter;scatter;80
recognize;recognize;recognize;80
pussy;pussy;pussy;80
pinch;pinch;pinch;80
patience;patience;patience;80
neighbor;neighbor;neighbor;80
merry;merry;merry;80
label;label;label;80
engine;engine;engine;80
driver;driver;driver;80
dr.;dr.;dr.;80
disco;disco;disco;80
directly;directly;directly;80
determine;determine;determine;80
dash;dash;dash;80
dancing;dancing;dancing;80
camera;camera;camera;80
breed;breed;breed;80
appearance;appearance;appearance;80
al;al;al;80
woah;woah;woah;79
weakness;weakness;weakness;79
til;til;til;79
tape;tape;tape;79
suspicion;suspicion;suspicion;79
southern;southern;southern;79
security;security;security;79
sayin;sayin;sayin;79
pole;pole;pole;79
peep;peep;peep;79
obviously;obviously;obviously;79
niggas;niggas;niggas;79
monkey;monkey;monkey;79
liar;liar;liar;79
insult;insult;insult;79
inner;inner;inner;79
feather;feather;feather;79
examine;examine;examine;79
earn;earn;earn;79
drip;drip;drip;79
doll;doll;doll;79
detail;detail;detail;79
despair;despair;despair;79
daylight;daylight;daylight;79
connection;connection;connection;79
clever;clever;clever;79
bush;bush;bush;79
attach;attach;attach;79
angle;angle;angle;79
affection;affection;affection;79
zone;zone;zone;78
whats;whats;whats;78
thou;thou;thou;78
suicide;suicide;suicide;78
stray;stray;stray;78
standard;standard;standard;78
staff;staff;staff;78
shiver;shiver;shiver;78
servant;servant;servant;78
relief;relief;relief;78
pleasant;pleasant;pleasant;78
newspaper;newspaper;newspaper;78
nasty;nasty;nasty;78
market;market;market;78
maid;maid;maid;78
lyricsthe;lyricsthe;lyricsthe;78
lunch;lunch;lunch;78
latter;latter;latter;78
fury;fury;fury;78
fuckin;fuckin;fuckin;78
fling;fling;fling;78
excellent;excellent;excellent;78
entirely;entirely;entirely;78
e.;e.;e.;78
disturb;disturb;disturb;78
deadly;deadly;deadly;78
convince;convince;convince;78
conscience;conscience;conscience;78
conduct;conduct;conduct;78
bond;bond;bond;78
bid;bid;bid;78
absence;absence;absence;78
violent;violent;violent;77
tool;tool;tool;77
thy;thy;thy;77
st.;st.;st.;77
sniff;sniff;sniff;77
smash;smash;smash;77
shove;shove;shove;77
rod;rod;rod;77
restore;restore;restore;77
reign;reign;reign;77
plot;plot;plot;77
peter;peter;peter;77
peer;peer;peer;77
interested;interested;interested;77
greet;greet;greet;77
gim;gim;gim;77
funeral;funeral;funeral;77
firm;firm;firm;77
entertainment;entertainment;entertainment;77
element;element;element;77
disguise;disguise;disguise;77
crystal;crystal;crystal;77
corn;corn;corn;77
contact;contact;contact;77
confidence;confidence;confidence;77
accuse;accuse;accuse;77
accompany;accompany;accompany;77
worship;worship;worship;76
wolf;wolf;wolf;76
velvet;velvet;velvet;76
talent;talent;talent;76
surface;surface;surface;76
succeed;succeed;succeed;76
sexy;sexy;sexy;76
section;section;section;76
revolution;revolution;revolution;76
revenge;revenge;revenge;76
painful;painful;painful;76
obvious;obvious;obvious;76
nest;nest;nest;76
meembed;meembed;meembed;76
medium;medium;medium;76
majesty;majesty;majesty;76
judgment;judgment;judgment;76
jealous;jealous;jealous;76
idiot;idiot;idiot;76
hospital;hospital;hospital;76
heal;heal;heal;76
grasp;grasp;grasp;76
flood;flood;flood;76
faithful;faithful;faithful;76
didnt;didnt;didnt;76
dancer;dancer;dancer;76
collar;collar;collar;76
agent;agent;agent;76
abuse;abuse;abuse;76
wed;wed;wed;75
wax;wax;wax;75
utter;utter;utter;75
universal;universal;universal;75
troop;troop;troop;75
suspect;suspect;suspect;75
singer;singer;singer;75
sens;sens;sens;75
sailor;sailor;sailor;75
ridiculous;ridiculous;ridiculous;75
render;render;render;75
pursue;pursue;pursue;75
puff;puff;puff;75
profit;profit;profit;75
passing;passing;passing;75
palace;palace;palace;75
meyou;meyou;meyou;75
meanwhile;meanwhile;meanwhile;75
lyricswhen;lyricswhen;lyricswhen;75
louis;louis;louis;75
jet;jet;jet;75
jerk;jerk;jerk;75
intention;intention;intention;75
genius;genius;genius;75
foundation;foundation;foundation;75
empire;empire;empire;75
deaf;deaf;deaf;75
darlin;darlin;darlin;75
counter;counter;counter;75
confirm;confirm;confirm;75
civil;civil;civil;75
brow;brow;brow;75
booth;booth;booth;75
backwards;backwards;backwards;75
background;background;background;75
aw;aw;aw;75
yield;yield;yield;74
winner;winner;winner;74
weekend;weekend;weekend;74
ward;ward;ward;74
victory;victory;victory;74
sparkle;sparkle;sparkle;74
solid;solid;solid;74
sob;sob;sob;74
smoking;smoking;smoking;74
sheep;sheep;sheep;74
reverse;reverse;reverse;74
refer;refer;refer;74
r;r;r;74
possession;possession;possession;74
pleased;pleased;pleased;74
owner;owner;owner;74
mental;mental;mental;74
lap;lap;lap;74
ladder;ladder;ladder;74
joint;joint;joint;74
jim;jim;jim;74
jewel;jewel;jewel;74
jaw;jaw;jaw;74
jacket;jacket;jacket;74
instrument;instrument;instrument;74
hush;hush;hush;74
hoe;hoe;hoe;74
hmm;hmm;hmm;74
hint;hint;hint;74
hangin;hangin;hangin;74
gesture;gesture;gesture;74
gap;gap;gap;74
fountain;fountain;fountain;74
fantasy;fantasy;fantasy;74
exit;exit;exit;74
excitement;excitement;excitement;74
elbow;elbow;elbow;74
discuss;discuss;discuss;74
dignity;dignity;dignity;74
daniel;daniel;daniel;74
closely;closely;closely;74
brass;brass;brass;74
bark;bark;bark;74
announce;announce;announce;74
ache;ache;ache;74
abandon;abandon;abandon;74
wedding;wedding;wedding;73
vice;vice;vice;73
uniform;uniform;uniform;73
toward;toward;toward;73
tempt;tempt;tempt;73
temple;temple;temple;73
sympathy;sympathy;sympathy;73
supply;supply;supply;73
sue;sue;sue;73
source;source;source;73
shatter;shatter;shatter;73
rubber;rubber;rubber;73
romantic;romantic;romantic;73
religious;religious;religious;73
region;region;region;73
reference;reference;reference;73
quote;quote;quote;73
princess;princess;princess;73
odd;odd;odd;73
obey;obey;obey;73
minor;minor;minor;73
merely;merely;merely;73
medicine;medicine;medicine;73
mankind;mankind;mankind;73
kingdom;kingdom;kingdom;73
k;k;k;73
juice;juice;juice;73
invisible;invisible;invisible;73
harry;harry;harry;73
develop;develop;develop;73
descend;descend;descend;73
delicate;delicate;delicate;73
deck;deck;deck;73
culture;culture;culture;73
collection;collection;collection;73
ceiling;ceiling;ceiling;73
cave;cave;cave;73
carpet;carpet;carpet;73
candy;candy;candy;73
bump;bump;bump;73
alley;alley;alley;73
abroad;abroad;abroad;73
wealth;wealth;wealth;72
vanish;vanish;vanish;72
traffic;traffic;traffic;72
thrust;thrust;thrust;72
tank;tank;tank;72
stroll;stroll;stroll;72
satin;satin;satin;72
relieve;relieve;relieve;72
pronounce;pronounce;pronounce;72
progress;progress;progress;72
process;process;process;72
pose;pose;pose;72
pope;pope;pope;72
political;political;political;72
permit;permit;permit;72
perceive;perceive;perceive;72
official;official;official;72
musical;musical;musical;72
midst;midst;midst;72
magazine;magazine;magazine;72
insist;insist;insist;72
hollywood;hollywood;hollywood;72
highly;highly;highly;72
heartache;heartache;heartache;72
eternal;eternal;eternal;72
dope;dope;dope;72
constantly;constantly;constantly;72
comb;comb;comb;72
cloth;cloth;cloth;72
center;center;center;72
benefit;benefit;benefit;72
appreciate;appreciate;appreciate;72
apartment;apartment;apartment;72
ad;ad;ad;72
william;william;william;71
v;v;v;71
troubled;troubled;troubled;71
starve;starve;starve;71
slightly;slightly;slightly;71
remote;remote;remote;71
rack;rack;rack;71
muscle;muscle;muscle;71
mist;mist;mist;71
lyricswell;lyricswell;lyricswell;71
knew;knew;knew;71
kindness;kindness;kindness;71
keen;keen;keen;71
jew;jew;jew;71
independent;independent;independent;71
incredible;incredible;incredible;71
hire;hire;hire;71
henry;henry;henry;71
foul;foul;foul;71
fence;fence;fence;71
farther;farther;farther;71
estate;estate;estate;71
drinking;drinking;drinking;71
desperate;desperate;desperate;71
depart;depart;depart;71
deed;deed;deed;71
dart;dart;dart;71
constant;constant;constant;71
coin;coin;coin;71
coal;coal;coal;71
closet;closet;closet;71
champion;champion;champion;71
ace;ace;ace;71
a.;a.;a.;71
volume;volume;volume;70
upstairs;upstairs;upstairs;70
understood;understood;understood;70
tommy;tommy;tommy;70
temptation;temptation;temptation;70
temper;temper;temper;70
tease;tease;tease;70
soup;soup;soup;70
sole;sole;sole;70
slim;slim;slim;70
scent;scent;scent;70
robert;robert;robert;70
responsible;responsible;responsible;70
powder;powder;powder;70
particularly;particularly;particularly;70
p;p;p;70
organ;organ;organ;70
oak;oak;oak;70
nightmare;nightmare;nightmare;70
nay;nay;nay;70
medical;medical;medical;70
maintain;maintain;maintain;70
mac;mac;mac;70
lower;lower;lower;70
jackson;jackson;jackson;70
j;j;j;70
honour;honour;honour;70
halt;halt;halt;70
gown;gown;gown;70
generous;generous;generous;70
gasp;gasp;gasp;70
foe;foe;foe;70
feast;feast;feast;70
fare;fare;fare;70
duke;duke;duke;70
dread;dread;dread;70
debt;debt;debt;70
cryin;cryin;cryin;70
chip;chip;chip;70
childhood;childhood;childhood;70
cheese;cheese;cheese;70
border;border;border;70
bible;bible;bible;70
bastard;bastard;bastard;70
average;average;average;70
adore;adore;adore;70
youll;youll;youll;69
useless;useless;useless;69
underneath;underneath;underneath;69
sting;sting;sting;69
stake;stake;stake;69
spent;spent;spent;69
singin;singin;singin;69
sack;sack;sack;69
rattle;rattle;rattle;69
protest;protest;protest;69
piss;piss;piss;69
peak;peak;peak;69
opening;opening;opening;69
noon;noon;noon;69
mrs.;mrs.;mrs.;69
mr;mr;mr;69
lodge;lodge;lodge;69
kelly;kelly;kelly;69
inform;inform;inform;69
hidden;hidden;hidden;69
fry;fry;fry;69
following;following;following;69
favor;favor;favor;69
doorway;doorway;doorway;69
clip;clip;clip;69
buzz;buzz;buzz;69
bucket;bucket;bucket;69
arise;arise;arise;69
ahh;ahh;ahh;69
ability;ability;ability;69
whereas;whereas;whereas;68
warmth;warmth;warmth;68
useful;useful;useful;68
tuesday;tuesday;tuesday;68
toast;toast;toast;68
suffering;suffering;suffering;68
stout;stout;stout;68
statue;statue;statue;68
stab;stab;stab;68
spy;spy;spy;68
speaker;speaker;speaker;68
seventeen;seventeen;seventeen;68
salute;salute;salute;68
safety;safety;safety;68
rocky;rocky;rocky;68
retreat;retreat;retreat;68
respond;respond;respond;68
replace;replace;replace;68
remedy;remedy;remedy;68
reading;reading;reading;68
poke;poke;poke;68
plunge;plunge;plunge;68
philosophy;philosophy;philosophy;68
pattern;pattern;pattern;68
loveembed;loveembed;loveembed;68
june;june;june;68
jerry;jerry;jerry;68
importance;importance;importance;68
idle;idle;idle;68
glue;glue;glue;68
gleam;gleam;gleam;68
fork;fork;fork;68
fairly;fairly;fairly;68
expectation;expectation;expectation;68
deceive;deceive;deceive;68
custom;custom;custom;68
crow;crow;crow;68
counsel;counsel;counsel;68
conscious;conscious;conscious;68
compose;compose;compose;68
collapse;collapse;collapse;68
cling;cling;cling;68
chocolate;chocolate;chocolate;68
chap;chap;chap;68
british;british;british;68
bosom;bosom;bosom;68
bean;bean;bean;68
argument;argument;argument;68
accent;accent;accent;68
writing;writing;writing;67
worthy;worthy;worthy;67
uh-huh;uh-huh;uh-huh;67
triumph;triumph;triumph;67
tax;tax;tax;67
supreme;supreme;supreme;67
slice;slice;slice;67
skull;skull;skull;67
shave;shave;shave;67
reduce;reduce;reduce;67
reaction;reaction;reaction;67
purse;purse;purse;67
propose;propose;propose;67
prop;prop;prop;67
poem;poem;poem;67
playing;playing;playing;67
pierce;pierce;pierce;67
perfume;perfume;perfume;67
neighborhood;neighborhood;neighborhood;67
molly;molly;molly;67
mike;mike;mike;67
lawn;lawn;lawn;67
laughing;laughing;laughing;67
interview;interview;interview;67
inspiration;inspiration;inspiration;67
holiday;holiday;holiday;67
forehead;forehead;forehead;67
favour;favour;favour;67
fairy;fairy;fairy;67
exception;exception;exception;67
endure;endure;endure;67
employ;employ;employ;67
drain;drain;drain;67
division;division;division;67
destruction;destruction;destruction;67
comfortable;comfortable;comfortable;67
clothe;clothe;clothe;67
caught;caught;caught;67
caress;caress;caress;67
blessing;blessing;blessing;67
blank;blank;blank;67
belief;belief;belief;67
awhile;awhile;awhile;67
advise;advise;advise;67
adventure;adventure;adventure;67
activity;activity;activity;67
absolute;absolute;absolute;67
tick;tick;tick;66
thomas;thomas;thomas;66
stuck;stuck;stuck;66
straw;straw;straw;66
spray;spray;spray;66
similar;similar;similar;66
shuffle;shuffle;shuffle;66
shield;shield;shield;66
shark;shark;shark;66
severe;severe;severe;66
rollin;rollin;rollin;66
reward;reward;reward;66
resume;resume;resume;66
reserve;reserve;reserve;66
reputation;reputation;reputation;66
preacher;preacher;preacher;66
patch;patch;patch;66
overcome;overcome;overcome;66
neglect;neglect;neglect;66
mm;mm;mm;66
mill;mill;mill;66
maiden;maiden;maiden;66
lo;lo;lo;66
likeyou;likeyou;likeyou;66
intelligence;intelligence;intelligence;66
infinite;infinite;infinite;66
helpless;helpless;helpless;66
grown;grown;grown;66
glorious;glorious;glorious;66
glare;glare;glare;66
girlfriend;girlfriend;girlfriend;66
german;german;german;66
fur;fur;fur;66
fella;fella;fella;66
education;education;education;66
downtown;downtown;downtown;66
dive;dive;dive;66
disgrace;disgrace;disgrace;66
current;current;current;66
crop;crop;crop;66
coward;coward;coward;66
conclude;conclude;conclude;66
cloak;cloak;cloak;66
chris;chris;chris;66
china;china;china;66
chat;chat;chat;66
capable;capable;capable;66
bubble;bubble;bubble;66
bride;bride;bride;66
ben;ben;ben;66
behave;behave;behave;66
await;await;await;66
amid;amid;amid;66
album;album;album;66
warning;warning;warning;65
visible;visible;visible;65
trash;trash;trash;65
totally;totally;totally;65
theory;theory;theory;65
supper;supper;supper;65
sunset;sunset;sunset;65
shes;shes;shes;65
scrap;scrap;scrap;65
rocket;rocket;rocket;65
response;response;response;65
privilege;privilege;privilege;65
previous;previous;previous;65
preserve;preserve;preserve;65
pigeon;pigeon;pigeon;65
pet;pet;pet;65
per;per;per;65
pan;pan;pan;65
ol;ol;ol;65
offend;offend;offend;65
net;net;net;65
neat;neat;neat;65
mornin;mornin;mornin;65
moan;moan;moan;65
mansion;mansion;mansion;65
lame;lame;lame;65
july;july;july;65
instinct;instinct;instinct;65
iii;iii;iii;65
hustle;hustle;hustle;65
hence;hence;hence;65
heave;heave;heave;65
frozen;frozen;frozen;65
frost;frost;frost;65
factory;factory;factory;65
explode;explode;explode;65
error;error;error;65
entertain;entertain;entertain;65
encourage;encourage;encourage;65
dump;dump;dump;65
discussion;discussion;discussion;65
cotton;cotton;cotton;65
contrary;contrary;contrary;65
comment;comment;comment;65
clutch;clutch;clutch;65
chuck;chuck;chuck;65
bye;bye;bye;65
author;author;author;65
aunt;aunt;aunt;65
arrange;arrange;arrange;65
argue;argue;argue;65
annoy;annoy;annoy;65
witch;witch;witch;64
western;western;western;64
waist;waist;waist;64
venture;venture;venture;64
veil;veil;veil;64
triple;triple;triple;64
tin;tin;tin;64
thread;thread;thread;64
strive;strive;strive;64
stiff;stiff;stiff;64
steve;steve;steve;64
speaking;speaking;speaking;64
reed;reed;reed;64
rebel;rebel;rebel;64
pillar;pillar;pillar;64
pad;pad;pad;64
operation;operation;operation;64
nah;nah;nah;64
mock;mock;mock;64
mob;mob;mob;64
maker;maker;maker;64
kindly;kindly;kindly;64
ink;ink;ink;64
immortal;immortal;immortal;64
horrible;horrible;horrible;64
heavenly;heavenly;heavenly;64
groan;groan;groan;64
goodness;goodness;goodness;64
generally;generally;generally;64
gee;gee;gee;64
fright;fright;fright;64
flush;flush;flush;64
flee;flee;flee;64
et;et;et;64
essence;essence;essence;64
dew;dew;dew;64
definitely;definitely;definitely;64
curve;curve;curve;64
confused;confused;confused;64
condemn;condemn;condemn;64
companion;companion;companion;64
centre;centre;centre;64
cent;cent;cent;64
carriage;carriage;carriage;64
cape;cape;cape;64
callin;callin;callin;64
boil;boil;boil;64
blush;blush;blush;64
bat;bat;bat;64
yea;yea;yea;63
wooden;wooden;wooden;63
warrior;warrior;warrior;63
vote;vote;vote;63
vibration;vibration;vibration;63
texas;texas;texas;63
stoop;stoop;stoop;63
stable;stable;stable;63
spoil;spoil;spoil;63
slumber;slumber;slumber;63
roman;roman;roman;63
retire;retire;retire;63
repose;repose;repose;63
recently;recently;recently;63
protection;protection;protection;63
polish;polish;polish;63
phrase;phrase;phrase;63
occupy;occupy;occupy;63
mysterious;mysterious;mysterious;63
mud;mud;mud;63
mend;mend;mend;63
meant;meant;meant;63
martin;martin;martin;63
lust;lust;lust;63
liquid;liquid;liquid;63
leavin;leavin;leavin;63
jay;jay;jay;63
interrupt;interrupt;interrupt;63
hung;hung;hung;63
horizon;horizon;horizon;63
gut;gut;gut;63
funk;funk;funk;63
frighten;frighten;frighten;63
fragment;fragment;fragment;63
fox;fox;fox;63
fourteen;fourteen;fourteen;63
failure;failure;failure;63
expensive;expensive;expensive;63
entitle;entitle;entitle;63
disgust;disgust;disgust;63
decline;decline;decline;63
convert;convert;convert;63
concert;concert;concert;63
conceive;conceive;conceive;63
chapter;chapter;chapter;63
blossom;blossom;blossom;63
birthday;birthday;birthday;63
anyhow;anyhow;anyhow;63
alter;alter;alter;63
admiration;admiration;admiration;63
actor;actor;actor;63
wrinkle;wrinkle;wrinkle;62
void;void;void;62
unhappy;unhappy;unhappy;62
torture;torture;torture;62
tickle;tickle;tickle;62
thigh;thigh;thigh;62
streak;streak;streak;62
sofa;sofa;sofa;62
smack;smack;smack;62
secretary;secretary;secretary;62
scan;scan;scan;62
role;role;role;62
razor;razor;razor;62
rainy;rainy;rainy;62
purchase;purchase;purchase;62
punish;punish;punish;62
prospect;prospect;prospect;62
portion;portion;portion;62
phase;phase;phase;62
personality;personality;personality;62
peculiar;peculiar;peculiar;62
peaceful;peaceful;peaceful;62
mouse;mouse;mouse;62
motherfucker;motherfucker;motherfucker;62
mingle;mingle;mingle;62
melancholy;melancholy;melancholy;62
married;married;married;62
marble;marble;marble;62
lotta;lotta;lotta;62
lost;lost;lost;62
loneliness;loneliness;loneliness;62
literally;literally;literally;62
lit;lit;lit;62
lad;lad;lad;62
j.;j.;j.;62
intimate;intimate;intimate;62
intellectual;intellectual;intellectual;62
expense;expense;expense;62
ex;ex;ex;62
erect;erect;erect;62
eighteen;eighteen;eighteen;62
dj;dj;dj;62
dice;dice;dice;62
consent;consent;consent;62
complex;complex;complex;62
chop;chop;chop;62
cherry;cherry;cherry;62
champagne;champagne;champagne;62
cane;cane;cane;62
c.;c.;c.;62
betray;betray;betray;62
atmosphere;atmosphere;atmosphere;62
apparently;apparently;apparently;62
altogether;altogether;altogether;62
alike;alike;alike;62
unseen;unseen;unseen;61
u;u;u;61
tube;tube;tube;61
tradition;tradition;tradition;61
tenderness;tenderness;tenderness;61
successful;successful;successful;61
subtle;subtle;subtle;61
strawberry;strawberry;strawberry;61
sow;sow;sow;61
sage;sage;sage;61
quest;quest;quest;61
possibility;possibility;possibility;61
policy;policy;policy;61
loudly;loudly;loudly;61
likeoh;likeoh;likeoh;61
joseph;joseph;joseph;61
inspire;inspire;inspire;61
innocence;innocence;innocence;61
injury;injury;injury;61
ignorant;ignorant;ignorant;61
howl;howl;howl;61
heap;heap;heap;61
grain;grain;grain;61
globe;globe;globe;61
fucking;fucking;fucking;61
favourite;favourite;favourite;61
factor;factor;factor;61
emerge;emerge;emerge;61
elephant;elephant;elephant;61
el;el;el;61
district;district;district;61
delay;delay;delay;61
consideration;consideration;consideration;61
chew;chew;chew;61
chant;chant;chant;61
bug;bug;bug;61
bathroom;bathroom;bathroom;61
attraction;attraction;attraction;61
arrow;arrow;arrow;61
appropriate;appropriate;appropriate;61
addition;addition;addition;61
achieve;achieve;achieve;61
yeahembed;yeahembed;yeahembed;60
vine;vine;vine;60
ups;ups;ups;60
unusual;unusual;unusual;60
ton;ton;ton;60
taylor;taylor;taylor;60
task;task;task;60
sweetheart;sweetheart;sweetheart;60
swarm;swarm;swarm;60
suggestion;suggestion;suggestion;60
strict;strict;strict;60
stark;stark;stark;60
soothe;soothe;soothe;60
sometime;sometime;sometime;60
sideways;sideways;sideways;60
shrink;shrink;shrink;60
select;select;select;60
scandal;scandal;scandal;60
resolve;resolve;resolve;60
reject;reject;reject;60
recite;recite;recite;60
rarely;rarely;rarely;60
rabbit;rabbit;rabbit;60
pursuit;pursuit;pursuit;60
prompt;prompt;prompt;60
production;production;production;60
positive;positive;positive;60
porter;porter;porter;60
politics;politics;politics;60
plastic;plastic;plastic;60
orleans;orleans;orleans;60
mixed;mixed;mixed;60
map;map;map;60
manager;manager;manager;60
mail;mail;mail;60
loveyou;loveyou;loveyou;60
lonesome;lonesome;lonesome;60
lightly;lightly;lightly;60
knot;knot;knot;60
irish;irish;irish;60
invent;invent;invent;60
interval;interval;interval;60
instantly;instantly;instantly;60
indicate;indicate;indicate;60
hatred;hatred;hatred;60
glimpse;glimpse;glimpse;60
exhaust;exhaust;exhaust;60
dusty;dusty;dusty;60
drawn;drawn;drawn;60
dodge;dodge;dodge;60
decent;decent;decent;60
contempt;contempt;contempt;60
consist;consist;consist;60
chicago;chicago;chicago;60
butterfly;butterfly;butterfly;60
beloved;beloved;beloved;60
autumn;autumn;autumn;60
appetite;appetite;appetite;60
almighty;almighty;almighty;60
widow;widow;widow;59
upright;upright;upright;59
underground;underground;underground;59
theyre;theyre;theyre;59
terrify;terrify;terrify;59
spectacle;spectacle;spectacle;59
slaughter;slaughter;slaughter;59
shelf;shelf;shelf;59
scarcely;scarcely;scarcely;59
robe;robe;robe;59
richard;richard;richard;59
respectable;respectable;respectable;59
recent;recent;recent;59
properly;properly;properly;59
prevent;prevent;prevent;59
pistol;pistol;pistol;59
pencil;pencil;pencil;59
peel;peel;peel;59
patron;patron;patron;59
oblige;oblige;oblige;59
numerous;numerous;numerous;59
motor;motor;motor;59
mistress;mistress;mistress;59
m.;m.;m.;59
lyricsit;lyricsit;lyricsit;59
lump;lump;lump;59
layer;layer;layer;59
instruction;instruction;instruction;59
individual;individual;individual;59
impose;impose;impose;59
immediate;immediate;immediate;59
hound;hound;hound;59
gratitude;gratitude;gratitude;59
goat;goat;goat;59
georgia;georgia;georgia;59
fro;fro;fro;59
found;found;found;59
farewell;farewell;farewell;59
envy;envy;envy;59
dreamer;dreamer;dreamer;59
dot;dot;dot;59
devote;devote;devote;59
despite;despite;despite;59
departure;departure;departure;59
cowboy;cowboy;cowboy;59
breach;breach;breach;59
boast;boast;boast;59
blade;blade;blade;59
beware;beware;beware;59
basic;basic;basic;59
approve;approve;approve;59
adam;adam;adam;59
workin;workin;workin;58
vent;vent;vent;58
unfortunate;unfortunate;unfortunate;58
umbrella;umbrella;umbrella;58
trot;trot;trot;58
tag;tag;tag;58
sunrise;sunrise;sunrise;58
stride;stride;stride;58
strictly;strictly;strictly;58
splash;splash;splash;58
solution;solution;solution;58
solo;solo;solo;58
slick;slick;slick;58
slam;slam;slam;58
phantom;phantom;phantom;58
pa;pa;pa;58
ok;ok;ok;58
military;military;military;58
mic;mic;mic;58
library;library;library;58
jar;jar;jar;58
hunter;hunter;hunter;58
humanity;humanity;humanity;58
honestly;honestly;honestly;58
hay;hay;hay;58
growth;growth;growth;58
greek;greek;greek;58
grease;grease;grease;58
grateful;grateful;grateful;58
goose;goose;goose;58
glitter;glitter;glitter;58
ghetto;ghetto;ghetto;58
garment;garment;garment;58
elder;elder;elder;58
drama;drama;drama;58
drake;drake;drake;58
dial;dial;dial;58
dame;dame;dame;58
coffin;coffin;coffin;58
bolt;bolt;bolt;58
blanket;blanket;blanket;58
arrival;arrival;arrival;58
appoint;appoint;appoint;58
ally;ally;ally;58
agony;agony;agony;58
africa;africa;africa;58
wouldnt;wouldnt;wouldnt;57
wholly;wholly;wholly;57
whirl;whirl;whirl;57
violet;violet;violet;57
vague;vague;vague;57
unlike;unlike;unlike;57
tread;tread;tread;57
torn;torn;torn;57
submit;submit;submit;57
silently;silently;silently;57
september;september;september;57
s.;s.;s.;57
running;running;running;57
route;route;route;57
riddle;riddle;riddle;57
retain;retain;retain;57
resemble;resemble;resemble;57
refrain;refrain;refrain;57
reader;reader;reader;57
rail;rail;rail;57
queer;queer;queer;57
poverty;poverty;poverty;57
oppose;oppose;oppose;57
ohh;ohh;ohh;57
mutter;mutter;mutter;57
labour;labour;labour;57
l.a.;l.a.;l.a.;57
italian;italian;italian;57
industry;industry;industry;57
incline;incline;incline;57
incident;incident;incident;57
impress;impress;impress;57
household;household;household;57
grandmother;grandmother;grandmother;57
grade;grade;grade;57
gloom;gloom;gloom;57
fetch;fetch;fetch;57
earlier;earlier;earlier;57
domestic;domestic;domestic;57
doesnt;doesnt;doesnt;57
device;device;device;57
conquer;conquer;conquer;57
choir;choir;choir;57
chinese;chinese;chinese;57
cart;cart;cart;57
cab;cab;cab;57
burnin;burnin;burnin;57
blink;blink;blink;57
attractive;attractive;attractive;57
arrangement;arrangement;arrangement;57
arch;arch;arch;57
agreement;agreement;agreement;57
actual;actual;actual;57
trigger;trigger;trigger;56
thoroughly;thoroughly;thoroughly;56
tension;tension;tension;56
surprised;surprised;surprised;56
stink;stink;stink;56
sleepy;sleepy;sleepy;56
sits;sits;sits;56
sings;sings;sings;56
shortly;shortly;shortly;56
rib;rib;rib;56
responsibility;responsibility;responsibility;56
professor;professor;professor;56
principle;principle;principle;56
prey;prey;prey;56
potato;potato;potato;56
pluck;pluck;pluck;56
permission;permission;permission;56
pal;pal;pal;56
modest;modest;modest;56
miserable;miserable;miserable;56
mild;mild;mild;56
mellow;mellow;mellow;56
loyal;loyal;loyal;56
loser;loser;loser;56
los;los;los;56
loop;loop;loop;56
johnson;johnson;johnson;56
iv;iv;iv;56
initial;initial;initial;56
havin;havin;havin;56
handkerchief;handkerchief;handkerchief;56
gossip;gossip;gossip;56
glide;glide;glide;56
function;function;function;56
freely;freely;freely;56
eyelid;eyelid;eyelid;56
extraordinary;extraordinary;extraordinary;56
eventually;eventually;eventually;56
drunken;drunken;drunken;56
drawer;drawer;drawer;56
din;din;din;56
development;development;development;56
dave;dave;dave;56
courtesy;courtesy;courtesy;56
costume;costume;costume;56
convey;convey;convey;56
concrete;concrete;concrete;56
clasp;clasp;clasp;56
bully;bully;bully;56
badly;badly;badly;56
alcohol;alcohol;alcohol;56
wretched;wretched;wretched;55
wrestle;wrestle;wrestle;55
withdraw;withdraw;withdraw;55
whore;whore;whore;55
von;von;von;55
unfold;unfold;unfold;55
sprinkle;sprinkle;sprinkle;55
shrug;shrug;shrug;55
rome;rome;rome;55
profound;profound;profound;55
preach;preach;preach;55
passionate;passionate;passionate;55
nostril;nostril;nostril;55
massive;massive;massive;55
manifest;manifest;manifest;55
kennedy;kennedy;kennedy;55
infant;infant;infant;55
healthy;healthy;healthy;55
grape;grape;grape;55
gathering;gathering;gathering;55
flutter;flutter;flutter;55
film;film;film;55
faster;faster;faster;55
f;f;f;55
exact;exact;exact;55
establish;establish;establish;55
ecstasy;ecstasy;ecstasy;55
dove;dove;dove;55
discharge;discharge;discharge;55
disaster;disaster;disaster;55
disappoint;disappoint;disappoint;55
dimension;dimension;dimension;55
desk;desk;desk;55
deposit;deposit;deposit;55
defend;defend;defend;55
dean;dean;dean;55
crib;crib;crib;55
compliment;compliment;compliment;55
combine;combine;combine;55
closing;closing;closing;55
claw;claw;claw;55
charity;charity;charity;55
butcher;butcher;butcher;55
bounce;bounce;bounce;55
boo;boo;boo;55
awkward;awkward;awkward;55
attract;attract;attract;55
assault;assault;assault;55
april;april;april;55
application;application;application;55
altar;altar;altar;55
wretch;wretch;wretch;54
worker;worker;worker;54
woe;woe;woe;54
watchin;watchin;watchin;54
warrant;warrant;warrant;54
wag;wag;wag;54
vicious;vicious;vicious;54
unfortunately;unfortunately;unfortunately;54
um;um;um;54
ultimate;ultimate;ultimate;54
transport;transport;transport;54
temperature;temperature;temperature;54
studio;studio;studio;54
steam;steam;steam;54
steak;steak;steak;54
spine;spine;spine;54
sore;sore;sore;54
site;site;site;54
sadly;sadly;sadly;54
ruby;ruby;ruby;54
rice;rice;rice;54
raven;raven;raven;54
prime;prime;prime;54
prick;prick;prick;54
pledge;pledge;pledge;54
persuade;persuade;persuade;54
permanent;permanent;permanent;54
perfection;perfection;perfection;54
panic;panic;panic;54
momma;momma;momma;54
misfortune;misfortune;misfortune;54
messenger;messenger;messenger;54
meadow;meadow;meadow;54
lone;lone;lone;54
liquor;liquor;liquor;54
junior;junior;junior;54
jane;jane;jane;54
item;item;item;54
idol;idol;idol;54
heed;heed;heed;54
guardian;guardian;guardian;54
givin;givin;givin;54
gallant;gallant;gallant;54
furious;furious;furious;54
forbid;forbid;forbid;54
folly;folly;folly;54
fierce;fierce;fierce;54
equally;equally;equally;54
en;en;en;54
ed;ed;ed;54
devotion;devotion;devotion;54
corpse;corpse;corpse;54
combination;combination;combination;54
column;column;column;54
bundle;bundle;bundle;54
broke;broke;broke;54
basket;basket;basket;54
b.;b.;b.;54
awaken;awaken;awaken;54
anchor;anchor;anchor;54
ala;ala;ala;54
acknowledge;acknowledge;acknowledge;54
weave;weave;weave;53
wail;wail;wail;53
vile;vile;vile;53
undo;undo;undo;53
tribe;tribe;tribe;53
traveller;traveller;traveller;53
transfer;transfer;transfer;53
theatre;theatre;theatre;53
tailor;tailor;tailor;53
stale;stale;stale;53
sinner;sinner;sinner;53
shudder;shudder;shudder;53
saddle;saddle;saddle;53
puzzle;puzzle;puzzle;53
prevail;prevail;prevail;53
portrait;portrait;portrait;53
polite;polite;polite;53
policeman;policeman;policeman;53
pimp;pimp;pimp;53
partly;partly;partly;53
parcel;parcel;parcel;53
parade;parade;parade;53
oath;oath;oath;53
northern;northern;northern;53
necessity;necessity;necessity;53
murmur;murmur;murmur;53
mo;mo;mo;53
merit;merit;merit;53
making;making;making;53
luxury;luxury;luxury;53
limited;limited;limited;53
lawyer;lawyer;lawyer;53
lash;lash;lash;53
isnt;isnt;isnt;53
instrumental;instrumental;instrumental;53
inn;inn;inn;53
hideous;hideous;hideous;53
gospel;gospel;gospel;53
goddess;goddess;goddess;53
fortunate;fortunate;fortunate;53
flatter;flatter;flatter;53
enormous;enormous;enormous;53
eastern;eastern;eastern;53
eager;eager;eager;53
dye;dye;dye;53
doo;doo;doo;53
dizzy;dizzy;dizzy;53
distress;distress;distress;53
difficulty;difficulty;difficulty;53
desperately;desperately;desperately;53
crook;crook;crook;53
conclusion;conclusion;conclusion;53
charlie;charlie;charlie;53
cage;cage;cage;53
bearing;bearing;bearing;53
association;association;association;53
arthur;arthur;arthur;53
ape;ape;ape;53
alexander;alexander;alexander;53
worn;worn;worn;52
wasnt;wasnt;wasnt;52
walker;walker;walker;52
urban;urban;urban;52
upside;upside;upside;52
unpleasant;unpleasant;unpleasant;52
un;un;un;52
twinkle;twinkle;twinkle;52
tuck;tuck;tuck;52
tragic;tragic;tragic;52
tragedy;tragedy;tragedy;52
tony;tony;tony;52
toll;toll;toll;52
stood;stood;stood;52
st;st;st;52
spoon;spoon;spoon;52
splendid;splendid;splendid;52
sovereign;sovereign;sovereign;52
solve;solve;solve;52
soar;soar;soar;52
slender;slender;slender;52
slay;slay;slay;52
sham;sham;sham;52
shaft;shaft;shaft;52
santa;santa;santa;52
rely;rely;rely;52
register;register;register;52
presently;presently;presently;52
precisely;precisely;precisely;52
plague;plague;plague;52
phenomenon;phenomenon;phenomenon;52
peasant;peasant;peasant;52
panel;panel;panel;52
p.;p.;p.;52
nearer;nearer;nearer;52
mutual;mutual;mutual;52
mourn;mourn;mourn;52
mate;mate;mate;52
mare;mare;mare;52
lyricsoh;lyricsoh;lyricsoh;52
lyricsif;lyricsif;lyricsif;52
litter;litter;litter;52
keeper;keeper;keeper;52
intro;intro;intro;52
immense;immense;immense;52
honor;honor;honor;52
herd;herd;herd;52
happens;happens;happens;52
hanging;hanging;hanging;52
grieve;grieve;grieve;52
greatly;greatly;greatly;52
extremely;extremely;extremely;52
expert;expert;expert;52
execution;execution;execution;52
exclaim;exclaim;exclaim;52
establishment;establishment;establishment;52
embarrass;embarrass;embarrass;52
discipline;discipline;discipline;52
del;del;del;52
core;core;core;52
considerable;considerable;considerable;52
conflict;conflict;conflict;52
complexion;complexion;complexion;52
coke;coke;coke;52
cliff;cliff;cliff;52
click;click;click;52
catholic;catholic;catholic;52
bargain;bargain;bargain;52
applause;applause;applause;52
anxious;anxious;anxious;52
amuse;amuse;amuse;52
acquaintance;acquaintance;acquaintance;52
acid;acid;acid;52
yoke;yoke;yoke;51
wig;wig;wig;51
venus;venus;venus;51
vegetable;vegetable;vegetable;51
vanity;vanity;vanity;51
university;university;university;51
tyler;tyler;tyler;51
twisted;twisted;twisted;51
turning;turning;turning;51
trifle;trifle;trifle;51
tooth;tooth;tooth;51
tim;tim;tim;51
thursday;thursday;thursday;51
threshold;threshold;threshold;51
threat;threat;threat;51
tent;tent;tent;51
survey;survey;survey;51
superior;superior;superior;51
summon;summon;summon;51
stripe;stripe;stripe;51
spear;spear;spear;51
smother;smother;smother;51
seventh;seventh;seventh;51
sat;sat;sat;51
restrain;restrain;restrain;51
repair;repair;repair;51
rapidly;rapidly;rapidly;51
purely;purely;purely;51
proportion;proportion;proportion;51
proclaim;proclaim;proclaim;51
phoenix;phoenix;phoenix;51
peril;peril;peril;51
perch;perch;perch;51
pea;pea;pea;51
origin;origin;origin;51
murderer;murderer;murderer;51
multiply;multiply;multiply;51
monk;monk;monk;51
magnificent;magnificent;magnificent;51
log;log;log;51
license;license;license;51
jealousy;jealousy;jealousy;51
ireland;ireland;ireland;51
imitate;imitate;imitate;51
identity;identity;identity;51
greed;greed;greed;51
gin;gin;gin;51
furniture;furniture;furniture;51
friendship;friendship;friendship;51
fireplace;fireplace;fireplace;51
fiddle;fiddle;fiddle;51
feeble;feeble;feeble;51
eyebrow;eyebrow;eyebrow;51
ere;ere;ere;51
envelope;envelope;envelope;51
dwell;dwell;dwell;51
distinguish;distinguish;distinguish;51
description;description;description;51
define;define;define;51
defense;defense;defense;51
cute;cute;cute;51
console;console;console;51
commercial;commercial;commercial;51
childish;childish;childish;51
cattle;cattle;cattle;51
brink;brink;brink;51
brake;brake;brake;51
boss;boss;boss;51
bestow;bestow;bestow;51
behalf;behalf;behalf;51
beggar;beggar;beggar;51
barn;barn;barn;51
automatic;automatic;automatic;51
august;august;august;51
apology;apology;apology;51
wring;wring;wring;50
worried;worried;worried;50
williams;williams;williams;50
walter;walter;walter;50
variety;variety;variety;50
torch;torch;torch;50
tilt;tilt;tilt;50
stitch;stitch;stitch;50
spike;spike;spike;50
spain;spain;spain;50
soak;soak;soak;50
sharply;sharply;sharply;50
scorn;scorn;scorn;50
scholar;scholar;scholar;50
satan;satan;satan;50
rockin;rockin;rockin;50
robin;robin;robin;50
riot;riot;riot;50
restaurant;restaurant;restaurant;50
ply;ply;ply;50
petty;petty;petty;50
passenger;passenger;passenger;50
oughta;oughta;oughta;50
moses;moses;moses;50
menace;menace;menace;50
loan;loan;loan;50
loaf;loaf;loaf;50
likeand;likeand;likeand;50
lewis;lewis;lewis;50
justin;justin;justin;50
justify;justify;justify;50
jordan;jordan;jordan;50
invention;invention;invention;50
insert;insert;insert;50
improve;improve;improve;50
ignorance;ignorance;ignorance;50
haul;haul;haul;50
gross;gross;gross;50
grandfather;grandfather;grandfather;50
girls;girls;girls;50
frequently;frequently;frequently;50
fluid;fluid;fluid;50
feat;feat;feat;50
encounter;encounter;encounter;50
emotional;emotional;emotional;50
elsewhere;elsewhere;elsewhere;50
easter;easter;easter;50
earl;earl;earl;50
dispose;dispose;dispose;50
dismiss;dismiss;dismiss;50
december;december;december;50
daze;daze;daze;50
dangle;dangle;dangle;50
d.;d.;d.;50
cram;cram;cram;50
consult;consult;consult;50
con;con;con;50
commission;commission;commission;50
cannon;cannon;cannon;50
campbell;campbell;campbell;50
brag;brag;brag;50
benjamin;benjamin;benjamin;50
barefoot;barefoot;barefoot;50
bake;bake;bake;50
ass;ass;ass;50
aspect;aspect;aspect;50
anguish;anguish;anguish;50
alien;alien;alien;50
abstract;abstract;abstract;50
